Ticker,Company,Sector,Current Price,Intrinsic Value,Margin of Safety,MoS %,MoS Band,Research Entry Price (20% MoS),Price Premium to Entry,Alert Status,Piotroski F-Score,Altman Z-Score,WACC,ROIC,EV/FCF Yield,Normalized EPS,EPV Value,Multiple Value,DCF Value,Interest Coverage,Debt/Equity,Years of Data,Fundamentals As Of,Data Provider,Issuer Identity,Source Symbol,Source URL,Earnings Quality Flags,Valuation Policy,DCF Basis,Sector Model,Normalized FFO Proxy,Verification Required
PHM,"PulteGroup, Inc.",Consumer Cyclical,115.80999755859375,121.65711958585312,0.0480623086192097,4.8%,Minimal (0-10%),97.3256956686825,0.18992211422598787,WAIT,5,5.84,10.2%,15.0%,6.6%,12.165711958585312,135.1745773176146,121.65711958585312,N/A,4208.8x,0.18,4,2026-06-30,Yahoo Finance via yfinance,SEC-CIK:822416,PHM,https://finance.yahoo.com/quote/PHM,,"generic: PE cap 10.0x, discount floor 10.0%, growth cap 2.0%, normalization mean, DCF enabled, sector model enabled",FCFE proxy (operating cash flow less capex); no net-debt subtraction,generic,2586853500.0,
GIS,"General Mills, Inc.",Consumer Defensive,32.10499954223633,31.719089374432073,-0.012166495804741701,-1.2%,Overvalued,25.37527149954566,0.265208119755927,WAIT,5,2.25,9.0%,10.6%,7.0%,3.1719089374432072,35.24343263825786,31.719089374432073,68.64978336187201,4.9x,1.89,4,2026-05-31,Yahoo Finance via yfinance,SEC-CIK:40704,GIS,https://finance.yahoo.com/quote/GIS,,"generic: PE cap 10.0x, discount floor 9.0%, growth cap 3.0%, normalization mean, DCF enabled, sector model enabled",FCFE proxy (operating cash flow less capex); no net-debt subtraction,generic,2234675000.0,
CMCSA,Comcast Corporation,Communication Services,21.524999618530273,20.270245167572867,-0.06190129623911447,-6.2%,Overvalued,16.216196134058293,0.3273766202988931,WAIT,8,1.26,9.5%,8.4%,9.0%,2.938808735242033,32.65343039157815,20.270245167572867,55.0160125699299,4.2x,1.01,4,2026-06-30,Yahoo Finance via yfinance,SEC-CIK:1166691,CMCSA,https://finance.yahoo.com/quote/CMCSA,2025-12-31: unusual items are 51% of continuing net income,"generic: PE cap 10.0x, discount floor 9.5%, growth cap 2.0%, normalization mean, DCF enabled, sector model enabled",FCFE proxy (operating cash flow less capex); no net-debt subtraction,generic,27090750000.0,
VZ,Verizon Communications Inc.,Communication Services,45.96500015258789,41.13660490034917,-0.11737466579789956,-11.7%,Overvalued,32.909283920279336,0.39671833224737446,WAIT,5,1.27,9.5%,7.8%,4.1%,4.113660490034917,45.70733877816575,41.13660490034917,N/A,3.9x,1.81,4,2026-06-30,Yahoo Finance via yfinance,SEC-CIK:732712,VZ,https://finance.yahoo.com/quote/VZ,,"generic: PE cap 10.0x, discount floor 9.5%, growth cap 2.0%, normalization mean, DCF enabled, sector model enabled",FCFE proxy (operating cash flow less capex); no net-debt subtraction,generic,33858000000.0,
ACGL,Arch Capital Group Ltd.,Financial Services,93.37999725341797,77.29528596352935,-0.20809433705281785,-20.8%,Overvalued,61.83622877082348,0.5101179213160223,WAIT,N/A,N/A,11.0%,N/A,24.0%,9.661910745441169,83.69418076819468,77.29528596352935,N/A,N/A,0.18,4,2026-06-30,Yahoo Finance via yfinance,SEC-CIK:947484,ACGL,https://finance.yahoo.com/quote/ACGL,,"insurance: PE cap 9.0x, discount floor 11.0%, growth cap 0.0%, normalization mean, DCF disabled, sector model enabled",Tangible-book/normalized-earnings cross-check; verify regulatory capital,insurance,3759000000.0,"Verify risk-based capital, reserve adequacy, underwriting results, and investment portfolio risk in the latest statutory and SEC filings"
APA,APA Corporation,Energy,43.58000183105469,34.612829152430024,-0.2590707809273405,-25.9%,Overvalued,27.69026332194402,0.5738384761591756,WAIT,7,1.94,11.0%,27.5%,4.0%,4.326603644053753,48.07337382281948,34.612829152430024,N/A,15.8x,0.55,4,2026-06-30,Yahoo Finance via yfinance,SEC-CIK:1841666,APA,https://finance.yahoo.com/quote/APA,,"generic: PE cap 8.0x, discount floor 11.0%, growth cap 0.0%, normalization lower_quartile, DCF enabled, sector model enabled",FCFE proxy (operating cash flow less capex); no net-debt subtraction,generic,3571000000.0,
NVR,"NVR, Inc.",Consumer Cyclical,5981.19482421875,4746.074531946875,-0.2602403910764586,-26.0%,Overvalued,3796.8596255575003,0.5753004888455732,WAIT,5,12.17,10.0%,34.1%,9.1%,474.60745319468754,5273.416146607639,4746.074531946875,6863.624879721208,49.8x,0.31,4,2026-06-30,Yahoo Finance via yfinance,SEC-CIK:906163,NVR,https://finance.yahoo.com/quote/NVR,,"generic: PE cap 10.0x, discount floor 10.0%, growth cap 2.0%, normalization mean, DCF enabled, sector model enabled",FCFE proxy (operating cash flow less capex); no net-debt subtraction,generic,1547476750.0,
EG,"Everest Group, Ltd.",Financial Services,368.45001220703125,283.1498927118147,-0.3012542885970069,-30.1%,Overvalued,226.51991416945177,0.6265678607462585,WAIT,N/A,N/A,11.0%,N/A,N/A,36.28914947789981,283.1498927118147,290.3131958231985,N/A,N/A,0.23,4,2026-06-30,Yahoo Finance via yfinance,SEC-CIK:1095073,EG,https://finance.yahoo.com/quote/EG,,"insurance: PE cap 9.0x, discount floor 11.0%, growth cap 0.0%, normalization mean, DCF disabled, sector model enabled",Tangible-book/normalized-earnings cross-check; verify regulatory capital,insurance,N/A,"Verify risk-based capital, reserve adequacy, underwriting results, and investment portfolio risk in the latest statutory and SEC filings"
DVN,Devon Energy Corporation,Energy,47.584999084472656,36.31304538500257,-0.31041058605691746,-31.0%,Overvalued,29.050436308002055,0.6380132325711467,WAIT,5,3.44,11.0%,7.0%,2.7%,4.539130673125321,50.43478525694801,36.31304538500257,N/A,9.2x,0.28,4,2026-06-30,Yahoo Finance via yfinance,SEC-CIK:1090012,DVN,https://finance.yahoo.com/quote/DVN,,"generic: PE cap 8.0x, discount floor 11.0%, growth cap 0.0%, normalization lower_quartile, DCF enabled, sector model enabled",FCFE proxy (operating cash flow less capex); no net-debt subtraction,generic,6214250000.0,
CTSH,Cognizant Technology Solutions Corporation,Technology,58.33000183105469,44.22400462133801,-0.3189669802745669,-31.9%,Overvalued,35.37920369707041,0.6487087253432086,WAIT,7,5.63,10.0%,17.9%,7.9%,4.422400462133801,49.13778291259779,44.22400462133801,65.54406342182885,97.8x,0.14,4,2026-06-30,Yahoo Finance via yfinance,SEC-CIK:1058290,CTSH,https://finance.yahoo.com/quote/CTSH,,"generic: PE cap 10.0x, discount floor 10.0%, growth cap 2.5%, normalization mean, DCF enabled, sector model enabled",FCFE proxy (operating cash flow less capex); no net-debt subtraction,generic,2708750000.0,
UPS,"United Parcel Service, Inc.",Industrials,93.06999969482422,70.3665567161444,-0.3226453593610457,-32.3%,Overvalued,56.29324537291552,0.6533066992013071,WAIT,6,2.79,10.0%,13.3%,6.2%,7.03665567161444,78.18506301793823,70.3665567161444,N/A,6.0x,1.90,4,2026-06-30,Yahoo Finance via yfinance,SEC-CIK:1090727,UPS,https://finance.yahoo.com/quote/UPS,2022-12-31: unusual items are 21% of continuing net income,"generic: PE cap 10.0x, discount floor 10.0%, growth cap 2.0%, normalization mean, DCF enabled, sector model enabled",FCFE proxy (operating cash flow less capex); no net-debt subtraction,generic,9372750000.0,
TROW,"T. Rowe Price Group, Inc.",Financial Services,105.1500015258789,77.91558120833662,-0.3495375365900284,-35.0%,Overvalued,62.3324649666693,0.6869219207375353,WAIT,N/A,N/A,12.5%,25.2%,7.4%,8.657286800926292,96.19207556584769,77.91558120833662,N/A,N/A,0.04,4,2026-06-30,Yahoo Finance via yfinance,SEC-CIK:1113169,TROW,https://finance.yahoo.com/quote/TROW,2023-12-31: unusual items are 25% of continuing net income,"financial_other: PE cap 9.0x, discount floor 11.0%, growth cap 0.0%, normalization mean, DCF disabled, sector model enabled",FCFE proxy (operating cash flow less capex); no net-debt subtraction,financial_other,2211325000.0,"Verify sector-specific balance-sheet, regulatory, and transaction-volume risks in the latest filings"
HBAN,Huntington Bancshares Incorporated,Financial Services,15.3100004196167,11.279444589288504,-0.3573363740051352,-35.7%,Overvalued,9.023555671430804,0.6966704675064188,WAIT,N/A,N/A,11.0%,N/A,7.0%,1.409930573661063,12.26552390511659,11.279444589288504,N/A,N/A,0.67,4,2026-06-30,Yahoo Finance via yfinance,SEC-CIK:49196,HBAN,https://finance.yahoo.com/quote/HBAN,,"bank: PE cap 9.0x, discount floor 11.0%, growth cap 0.0%, normalization mean, DCF disabled, sector model enabled",Tangible-book/normalized-earnings cross-check; verify regulatory capital,bank,2562500000.0,"Verify CET1 capital, asset quality, credit-loss reserves, and deposit funding in the latest regulatory and SEC filings"
IBKR,"Interactive Brokers Group, Inc.",Financial Services,88.48999786376953,64.8801554545872,-0.3638992885229448,-36.4%,Overvalued,51.90412436366976,0.7048741106536809,WAIT,N/A,N/A,12.0%,N/A,5.7%,7.208906161620799,80.09895735134222,64.8801554545872,N/A,2.1x,0.00,4,2026-06-30,Yahoo Finance via yfinance,SEC-CIK:1381197,IBKR,https://finance.yahoo.com/quote/IBKR,,"financial_other: PE cap 9.0x, discount floor 11.0%, growth cap 0.0%, normalization mean, DCF disabled, sector model enabled",FCFE proxy (operating cash flow less capex); no net-debt subtraction,financial_other,636500000.0,"Verify sector-specific balance-sheet, regulatory, and transaction-volume risks in the latest filings"
SYF,Synchrony Financial,Financial Services,72.28500366210938,51.955305738968704,-0.3912920467695858,-39.1%,Overvalued,41.56424459117497,0.739115058461982,WAIT,N/A,N/A,11.8%,N/A,36.8%,7.007874487146275,77.86527207940306,51.955305738968704,N/A,N/A,0.97,4,2026-06-30,Yahoo Finance via yfinance,SEC-CIK:1601712,SYF,https://finance.yahoo.com/quote/SYF,2024-12-31: unusual items are 31% of continuing net income,"financial_other: PE cap 9.0x, discount floor 11.0%, growth cap 0.0%, normalization mean, DCF disabled, sector model enabled",FCFE proxy (operating cash flow less capex); no net-debt subtraction,financial_other,3208250000.0,"Verify sector-specific balance-sheet, regulatory, and transaction-volume risks in the latest filings"
VICI,VICI Properties Inc.,Real Estate,22.725000381469727,15.756114234793033,-0.44229725951642507,-44.2%,Overvalued,12.604891387834428,0.8028715743955311,WAIT,6,1.72,10.0%,6.2%,5.3%,2.2640770827561427,,15.756114234793033,N/A,4.3x,0.61,4,2026-06-30,Yahoo Finance via yfinance,SEC-CIK:1705696,VICI,https://finance.yahoo.com/quote/VICI,,"reit: PE cap 10.0x, discount floor 10.0%, growth cap 0.0%, normalization mean, DCF disabled, sector model enabled",Nareit-style FFO proxy with 20% AFFO haircut,reit,2168582750.0,"Replace the calculated FFO proxy with company-reported FFO/AFFO and verify recurring capital expenditure, occupancy, lease expiries, and debt maturities"
HRL,Hormel Foods Corporation,Consumer Defensive,20.2450008392334,13.995832495074474,-0.446502081698833,-44.7%,Overvalued,11.19666599605958,0.8081276021235413,WAIT,5,3.29,9.0%,6.4%,6.1%,1.3995832495074474,15.550924994527193,13.995832495074474,24.78522745269969,10.1x,0.36,4,2026-07-31,Yahoo Finance via yfinance,SEC-CIK:48465,HRL,https://finance.yahoo.com/quote/HRL,,"generic: PE cap 10.0x, discount floor 9.0%, growth cap 3.0%, normalization mean, DCF enabled, sector model enabled",FCFE proxy (operating cash flow less capex); no net-debt subtraction,generic,970686750.0,
PFG,"Principal Financial Group, Inc.",Financial Services,112.12000274658203,77.06648633504571,-0.45484773055750255,-45.5%,Overvalued,61.65318906803657,0.8185596631968781,WAIT,N/A,N/A,11.0%,N/A,N/A,8.56294292611619,95.14381029017989,77.06648633504571,N/A,N/A,0.36,4,2026-06-30,Yahoo Finance via yfinance,SEC-CIK:1126328,PFG,https://finance.yahoo.com/quote/PFG,,"financial_other: PE cap 9.0x, discount floor 11.0%, growth cap 0.0%, normalization mean, DCF disabled, sector model enabled",FCFE proxy (operating cash flow less capex); no net-debt subtraction,financial_other,1301350000.0,"Verify sector-specific balance-sheet, regulatory, and transaction-volume risks in the latest filings"
CI,The Cigna Group,Healthcare,268.9700012207031,182.8259320349543,-0.47118080147010566,-47.1%,Overvalued,146.26074562796344,0.838976001837632,WAIT,7,2.65,9.5%,10.5%,9.1%,18.28259320349543,203.13992448328256,182.8259320349543,450.70256234510543,6.3x,0.75,4,2026-06-30,Yahoo Finance via yfinance,SEC-CIK:1739940,CI,https://finance.yahoo.com/quote/CI,2022-12-31: unusual items are 34% of continuing net income,"generic: PE cap 10.0x, discount floor 9.5%, growth cap 2.0%, normalization mean, DCF enabled, sector model enabled",FCFE proxy (operating cash flow less capex); no net-debt subtraction,generic,7701500000.0,
PNR,Pentair plc,Industrials,53.369998931884766,35.82963013165578,-0.4895492567402173,-49.0%,Overvalued,28.663704105324626,0.8619365709252717,WAIT,7,3.40,10.0%,12.6%,5.5%,3.5829630131655783,39.810700146284205,35.82963013165578,N/A,12.1x,0.47,4,2026-06-30,Yahoo Finance via yfinance,SEC-CIK:77360,PNR,https://finance.yahoo.com/quote/PNR,,"generic: PE cap 10.0x, discount floor 10.0%, growth cap 2.0%, normalization mean, DCF enabled, sector model enabled",FCFE proxy (operating cash flow less capex); no net-debt subtraction,generic,700000000.0,
RF,Regions Financial Corporation,Financial Services,27.184999465942383,18.125312199062847,-0.499836205157777,-50.0%,Overvalued,14.500249759250279,0.8747952564472211,WAIT,N/A,N/A,11.0%,N/A,10.4%,2.265664024882856,18.741100923498735,18.125312199062847,N/A,N/A,0.39,4,2026-06-30,Yahoo Finance via yfinance,SEC-CIK:1281761,RF,https://finance.yahoo.com/quote/RF,,"bank: PE cap 9.0x, discount floor 11.0%, growth cap 0.0%, normalization mean, DCF disabled, sector model enabled",Tangible-book/normalized-earnings cross-check; verify regulatory capital,bank,2088250000.0,"Verify CET1 capital, asset quality, credit-loss reserves, and deposit funding in the latest regulatory and SEC filings"
MAA,"Mid-America Apartment Communities, Inc.",Real Estate,115.48999786376953,75.79184872919288,-0.523778609444132,-52.4%,Overvalued,60.63347898335431,0.9047232618051649,WAIT,6,1.37,10.0%,4.2%,3.9%,4.467708214082999,,75.79184872919288,N/A,3.0x,1.04,4,2026-06-30,Yahoo Finance via yfinance,SEC-CIK:912595,MAA,https://finance.yahoo.com/quote/MAA,2022-12-31: unusual items are 33% of continuing net income,"reit: PE cap 10.0x, discount floor 10.0%, growth cap 0.0%, normalization mean, DCF disabled, sector model enabled",Nareit-style FFO proxy with 20% AFFO haircut,reit,1099124750.0,"Replace the calculated FFO proxy with company-reported FFO/AFFO and verify recurring capital expenditure, occupancy, lease expiries, and debt maturities"
PYPL,"PayPal Holdings, Inc.",Financial Services,52.65999984741211,34.47420234532148,-0.5275190219030155,-52.8%,Overvalued,27.579361876257185,0.9093987773787693,WAIT,9,N/A,11.0%,22.6%,11.5%,3.830466927257942,42.560743636199355,34.47420234532148,N/A,13.6x,0.68,4,2026-06-30,Yahoo Finance via yfinance,SEC-CIK:1633917,PYPL,https://finance.yahoo.com/quote/PYPL,,"financial_other: PE cap 9.0x, discount floor 11.0%, growth cap 0.0%, normalization mean, DCF disabled, sector model enabled",FCFE proxy (operating cash flow less capex); no net-debt subtraction,financial_other,4818250000.0,"Verify sector-specific balance-sheet, regulatory, and transaction-volume risks in the latest filings"
FSLR,"First Solar, Inc.",Technology,175.9499969482422,113.21594306611752,-0.5541097144373767,-55.4%,Overvalued,90.57275445289402,0.9426371430467207,WAIT,7,4.89,13.9%,16.3%,0.1%,11.321594306611752,125.79549229568615,113.21594306611752,N/A,46.9x,0.02,4,2026-06-30,Yahoo Finance via yfinance,SEC-CIK:1274494,FSLR,https://finance.yahoo.com/quote/FSLR,2022-12-31: unusual items are 537% of continuing net income,"generic: PE cap 10.0x, discount floor 10.0%, growth cap 2.5%, normalization mean, DCF enabled, sector model enabled",FCFE proxy (operating cash flow less capex); no net-debt subtraction,generic,910467750.0,
BF-B,Brown-Forman Corporation,Consumer Defensive,26.184999465942383,16.663332973103138,-0.571414284777751,-57.1%,Overvalued,13.330666378482512,0.9642678559721886,WAIT,7,4.14,9.0%,14.6%,3.9%,1.6663332973103138,18.51481441455904,16.663332973103138,N/A,11.0x,0.62,4,2026-07-31,Yahoo Finance via yfinance,SEC-CIK:14693,BF-B,https://finance.yahoo.com/quote/BF-B,2024-04-30: unusual items are 25% of continuing net income,"generic: PE cap 10.0x, discount floor 9.0%, growth cap 3.0%, normalization mean, DCF enabled, sector model enabled",FCFE proxy (operating cash flow less capex); no net-debt subtraction,generic,849000000.0,
VMRK,"AvalonBay Communities, Inc.",Real Estate,59.779998779296875,37.977541415658564,-0.5740881729286698,-57.4%,Overvalued,30.382033132526853,0.9676102161608371,WAIT,3,2.91,10.0%,3.4%,2.5%,,,37.977541415658564,N/A,3.3x,0.76,4,2026-06-30,Yahoo Finance via yfinance,SEC-CIK:906107,VMRK,https://finance.yahoo.com/quote/VMRK,2025-12-31: unusual items are 32% of continuing net income; 2024-12-31: unusual items are 33% of continuing net income; 2023-12-31: unusual items are 30% of continuing net income; 2022-12-31: unusual items are 49% of continuing net income,"reit: PE cap 10.0x, discount floor 10.0%, growth cap 0.0%, normalization mean, DCF disabled, sector model enabled",Nareit-style FFO proxy with 20% AFFO haircut,reit,1881115250.0,"Replace the calculated FFO proxy with company-reported FFO/AFFO and verify recurring capital expenditure, occupancy, lease expiries, and debt maturities"
DG,Dollar General Corporation,Consumer Defensive,119.25,75.48129950432154,-0.5798615124951918,-58.0%,Overvalued,60.38503960345724,0.9748268906189896,WAIT,7,2.58,9.0%,8.2%,3.2%,7.548129950432154,83.86811056035727,75.48129950432154,N/A,12.3x,1.70,4,2026-07-31,Yahoo Finance via yfinance,SEC-CIK:29534,DG,https://finance.yahoo.com/quote/DG,,"generic: PE cap 10.0x, discount floor 9.0%, growth cap 3.0%, normalization mean, DCF enabled, sector model enabled",FCFE proxy (operating cash flow less capex); no net-debt subtraction,generic,2406789250.0,
CF,"CF Industries Holdings, Inc.",Basic Materials,115.93000030517578,73.25156212253346,-0.5826283692250939,-58.3%,Overvalued,58.60124969802677,0.9782854615313672,WAIT,8,3.45,11.0%,35.0%,8.4%,9.156445265316682,101.73828072574092,73.25156212253346,N/A,18.9x,0.63,4,2026-06-30,Yahoo Finance via yfinance,SEC-CIK:1324404,CF,https://finance.yahoo.com/quote/CF,,"generic: PE cap 8.0x, discount floor 11.0%, growth cap 0.0%, normalization lower_quartile, DCF enabled, sector model enabled",FCFE proxy (operating cash flow less capex); no net-debt subtraction,generic,2288000000.0,
UHS,"Universal Health Services, Inc.",Healthcare,174.3000030517578,107.15173876431338,-0.6266651858551827,-62.7%,Overvalued,85.7213910114507,1.0333314823189783,WAIT,8,3.05,9.5%,12.9%,4.4%,14.93239195956535,165.9154662173928,107.15173876431338,N/A,13.4x,0.70,4,2026-06-30,Yahoo Finance via yfinance,SEC-CIK:352915,UHS,https://finance.yahoo.com/quote/UHS,,"generic: PE cap 10.0x, discount floor 9.5%, growth cap 2.0%, normalization mean, DCF enabled, sector model enabled",FCFE proxy (operating cash flow less capex); no net-debt subtraction,generic,1278326500.0,
BBY,"Best Buy Co., Inc.",Consumer Cyclical,87.66000366210938,53.216486189134464,-0.6472339671311755,-64.7%,Overvalued,42.57318895130757,1.0590424589139693,WAIT,7,4.51,10.0%,28.6%,5.2%,5.321648618913446,59.1294290990383,53.216486189134464,N/A,40.7x,1.30,4,2026-07-31,Yahoo Finance via yfinance,SEC-CIK:764478,BBY,https://finance.yahoo.com/quote/BBY,,"generic: PE cap 10.0x, discount floor 10.0%, growth cap 2.0%, normalization mean, DCF enabled, sector model enabled",FCFE proxy (operating cash flow less capex); no net-debt subtraction,generic,1873250000.0,
SWKS,"Skyworks Solutions, Inc.",Technology,85.7300033569336,51.76606848033815,-0.6561041986314968,-65.6%,Overvalued,41.41285478427052,1.0701302482893709,WAIT,6,5.51,12.4%,4.9%,10.3%,5.176606848033815,57.51785386704239,51.76606848033815,90.5528713501662,13.1x,0.12,4,2026-06-30,Yahoo Finance via yfinance,SEC-CIK:4127,SWKS,https://finance.yahoo.com/quote/SWKS,,"generic: PE cap 10.0x, discount floor 10.0%, growth cap 2.5%, normalization mean, DCF enabled, sector model enabled",FCFE proxy (operating cash flow less capex); no net-debt subtraction,generic,1020500000.0,
AMP,"Ameriprise Financial, Inc.",Financial Services,491.989990234375,292.124512306396,-0.6841790726495052,-68.4%,Overvalued,233.6996098451168,1.1052238408118815,WAIT,N/A,N/A,11.0%,N/A,231.0%,32.45827914515511,360.64754605727904,292.124512306396,N/A,N/A,1.03,4,2026-06-30,Yahoo Finance via yfinance,SEC-CIK:820027,AMP,https://finance.yahoo.com/quote/AMP,,"financial_other: PE cap 9.0x, discount floor 11.0%, growth cap 0.0%, normalization mean, DCF disabled, sector model enabled",FCFE proxy (operating cash flow less capex); no net-debt subtraction,financial_other,3069250000.0,"Verify sector-specific balance-sheet, regulatory, and transaction-volume risks in the latest filings"
AMCR,Amcor plc,Consumer Cyclical,42.04999923706055,24.86374215198094,-0.6912176365097298,-69.1%,Overvalued,19.890993721584753,1.1140220456371621,WAIT,7,1.37,10.0%,6.8%,2.7%,2.5405459732735993,28.228288591928884,25.40545973273599,24.86374215198094,3.2x,1.26,4,2026-06-30,Yahoo Finance via yfinance,SEC-CIK:1748790,AMCR,https://finance.yahoo.com/quote/AMCR,,"generic: PE cap 10.0x, discount floor 10.0%, growth cap 2.0%, normalization mean, DCF enabled, sector model enabled",FCFE proxy (operating cash flow less capex); no net-debt subtraction,generic,1289500000.0,
FDX,FedEx Corporation,Industrials,288.8450012207031,170.12029289096245,-0.6978868088702184,-69.8%,Overvalued,136.09623431276995,1.122358511087773,WAIT,6,2.53,10.0%,8.5%,3.5%,17.012029289096244,189.02254765662494,170.12029289096245,N/A,6.8x,1.36,4,2026-05-31,Yahoo Finance via yfinance,SEC-CIK:1048911,FDX,https://finance.yahoo.com/quote/FDX,,"generic: PE cap 10.0x, discount floor 10.0%, growth cap 2.0%, normalization mean, DCF enabled, sector model enabled",FCFE proxy (operating cash flow less capex); no net-debt subtraction,generic,8298750000.0,
HST,"Host Hotels & Resorts, Inc.",Real Estate,22.53969955444336,13.09897810218978,-0.720721981409783,-72.1%,Overvalued,10.479182481751826,1.1509024767622287,WAIT,8,2.08,10.0%,7.0%,4.6%,0.9851409997836149,,13.09897810218978,N/A,3.8x,0.88,4,2026-06-30,Yahoo Finance via yfinance,SEC-CIK:1070750,HST,https://finance.yahoo.com/quote/HST,2025-12-31: unusual items are 22% of continuing net income,"reit: PE cap 10.0x, discount floor 10.0%, growth cap 0.0%, normalization mean, DCF disabled, sector model enabled",Nareit-style FFO proxy with 20% AFFO haircut,reit,1402000000.0,"Replace the calculated FFO proxy with company-reported FFO/AFFO and verify recurring capital expenditure, occupancy, lease expiries, and debt maturities"
TXT,Textron Inc.,Industrials,77.63500213623047,45.0870345750362,-0.7218919555914959,-72.2%,Overvalued,36.069627660028964,1.1523649444893695,WAIT,7,2.51,10.0%,7.9%,5.8%,4.50870345750362,50.09670508337355,45.0870345750362,66.31316994015248,7.7x,0.47,4,2026-06-30,Yahoo Finance via yfinance,SEC-CIK:217346,TXT,https://finance.yahoo.com/quote/TXT,,"generic: PE cap 10.0x, discount floor 10.0%, growth cap 2.0%, normalization mean, DCF enabled, sector model enabled",FCFE proxy (operating cash flow less capex); no net-debt subtraction,generic,1245000000.0,
ACN,Accenture plc,Technology,200.1699981689453,114.72546216337383,-0.7447739533521766,-74.5%,Overvalued,91.78036973069908,1.1809674416902205,WAIT,5,4.47,10.0%,30.2%,7.7%,11.472546216337383,127.47273573708203,114.72546216337383,208.33026142577012,43.3x,0.26,4,2026-05-31,Yahoo Finance via yfinance,SEC-CIK:1467373,ACN,https://finance.yahoo.com/quote/ACN,,"generic: PE cap 10.0x, discount floor 10.0%, growth cap 2.5%, normalization mean, DCF enabled, sector model enabled",FCFE proxy (operating cash flow less capex); no net-debt subtraction,generic,7926833250.0,
USB,U.S. Bancorp,Financial Services,57.64500045776367,32.77063906798882,-0.7590441351530662,-75.9%,Overvalued,26.216511254391055,1.1988051689413326,WAIT,N/A,N/A,11.0%,N/A,10.2%,4.096329883498602,35.52091340696139,32.77063906798882,N/A,N/A,1.42,4,2026-06-30,Yahoo Finance via yfinance,SEC-CIK:36104,USB,https://finance.yahoo.com/quote/USB,,"bank: PE cap 9.0x, discount floor 11.0%, growth cap 0.0%, normalization mean, DCF disabled, sector model enabled",Tangible-book/normalized-earnings cross-check; verify regulatory capital,bank,6067000000.0,"Verify CET1 capital, asset quality, credit-loss reserves, and deposit funding in the latest regulatory and SEC filings"
HII,"Huntington Ingalls Industries, Inc.",Industrials,268.20001220703125,152.15091203660512,-0.7627236578280027,-76.3%,Overvalued,121.72072962928411,1.203404572285003,WAIT,8,2.61,10.0%,6.2%,3.7%,15.215091203660512,169.05656892956125,152.15091203660512,N/A,6.6x,0.55,4,2026-06-30,Yahoo Finance via yfinance,SEC-CIK:1501585,HII,https://finance.yahoo.com/quote/HII,,"generic: PE cap 10.0x, discount floor 10.0%, growth cap 2.0%, normalization mean, DCF enabled, sector model enabled",FCFE proxy (operating cash flow less capex); no net-debt subtraction,generic,919500000.0,
LDOS,"Leidos Holdings, Inc.",Technology,119.04499816894531,67.43417191291232,-0.7653512276043911,-76.5%,Overvalued,53.94733753032986,1.2066890345054886,WAIT,7,3.49,10.0%,14.8%,5.7%,6.743417191291232,74.92685768101369,67.43417191291232,129.43320411421976,9.3x,1.24,4,2026-06-30,Yahoo Finance via yfinance,SEC-CIK:1336920,LDOS,https://finance.yahoo.com/quote/LDOS,,"generic: PE cap 10.0x, discount floor 10.0%, growth cap 2.5%, normalization mean, DCF enabled, sector model enabled",FCFE proxy (operating cash flow less capex); no net-debt subtraction,generic,896000000.0,
MTB,M&T Bank Corporation,Financial Services,219.27999877929688,123.95795099970215,-0.7689869589714642,-76.9%,Overvalued,99.16636079976172,1.2112336987143302,WAIT,N/A,N/A,11.0%,N/A,11.0%,15.494743874962769,131.48913968496302,123.95795099970215,N/A,N/A,0.65,4,2026-06-30,Yahoo Finance via yfinance,SEC-CIK:36270,MTB,https://finance.yahoo.com/quote/MTB,,"bank: PE cap 9.0x, discount floor 11.0%, growth cap 0.0%, normalization mean, DCF disabled, sector model enabled",Tangible-book/normalized-earnings cross-check; verify regulatory capital,bank,2799250000.0,"Verify CET1 capital, asset quality, credit-loss reserves, and deposit funding in the latest regulatory and SEC filings"
AOS,A. O. Smith Corporation,Industrials,56.7599983215332,31.688461800949653,-0.7911881831964528,-79.1%,Overvalued,25.350769440759723,1.2389852289955658,WAIT,8,7.47,10.4%,23.4%,5.9%,3.1688461800949654,35.209402001055174,31.688461800949653,42.6867969779944,32.6x,0.37,4,2026-06-30,Yahoo Finance via yfinance,SEC-CIK:91142,AOS,https://finance.yahoo.com/quote/AOS,,"generic: PE cap 10.0x, discount floor 10.0%, growth cap 2.0%, normalization mean, DCF enabled, sector model enabled",FCFE proxy (operating cash flow less capex); no net-debt subtraction,generic,537450000.0,
AFL,Aflac Incorporated,Financial Services,111.62999725341797,62.31933517877566,-0.791257832471811,-79.1%,Overvalued,49.85546814302053,1.2390722905897635,WAIT,N/A,N/A,11.0%,N/A,N/A,7.7899168973469575,65.8288543735735,62.31933517877566,N/A,N/A,0.29,4,2026-06-30,Yahoo Finance via yfinance,SEC-CIK:4977,AFL,https://finance.yahoo.com/quote/AFL,,"insurance: PE cap 9.0x, discount floor 11.0%, growth cap 0.0%, normalization mean, DCF disabled, sector model enabled",Tangible-book/normalized-earnings cross-check; verify regulatory capital,insurance,N/A,"Verify risk-based capital, reserve adequacy, underwriting results, and investment portfolio risk in the latest statutory and SEC filings"
PNC,"The PNC Financial Services Group, Inc.",Financial Services,221.6750030517578,122.94272964861555,-0.8030753317852177,-80.3%,Overvalued,98.35418371889244,1.2538441647315222,WAIT,N/A,N/A,11.0%,N/A,5.4%,15.367841206076944,130.20205498407657,122.94272964861555,N/A,N/A,1.34,4,2026-06-30,Yahoo Finance via yfinance,SEC-CIK:713676,PNC,https://finance.yahoo.com/quote/PNC,,"bank: PE cap 9.0x, discount floor 11.0%, growth cap 0.0%, normalization mean, DCF disabled, sector model enabled",Tangible-book/normalized-earnings cross-check; verify regulatory capital,bank,5652000000.0,"Verify CET1 capital, asset quality, credit-loss reserves, and deposit funding in the latest regulatory and SEC filings"
FITB,Fifth Third Bancorp,Financial Services,51.07500076293945,28.104944569674103,-0.817295908067742,-81.7%,Overvalued,22.483955655739283,1.2716198850846774,WAIT,N/A,N/A,11.0%,N/A,6.3%,3.513118071209263,30.840294521820635,28.104944569674103,N/A,N/A,0.63,4,2026-06-30,Yahoo Finance via yfinance,SEC-CIK:35527,FITB,https://finance.yahoo.com/quote/FITB,,"bank: PE cap 9.0x, discount floor 11.0%, growth cap 0.0%, normalization mean, DCF disabled, sector model enabled",Tangible-book/normalized-earnings cross-check; verify regulatory capital,bank,2659250000.0,"Verify CET1 capital, asset quality, credit-loss reserves, and deposit funding in the latest regulatory and SEC filings"
GL,Globe Life Inc.,Financial Services,166.85000610351562,90.24618422577748,-0.8488316989235917,-84.9%,Overvalued,72.19694738062199,1.3110396236544894,WAIT,N/A,N/A,11.0%,N/A,9.0%,11.280773028222185,98.10280020253023,90.24618422577748,N/A,N/A,0.48,4,2026-06-30,Yahoo Finance via yfinance,SEC-CIK:320335,GL,https://finance.yahoo.com/quote/GL,,"insurance: PE cap 9.0x, discount floor 11.0%, growth cap 0.0%, normalization mean, DCF disabled, sector model enabled",Tangible-book/normalized-earnings cross-check; verify regulatory capital,insurance,N/A,"Verify risk-based capital, reserve adequacy, underwriting results, and investment portfolio risk in the latest statutory and SEC filings"
ADBE,Adobe Inc.,Technology,238.00999450683594,127.44205107936227,-0.8675938788729902,-86.8%,Overvalued,101.95364086348982,1.3344923485912377,WAIT,7,7.17,11.7%,56.8%,8.4%,12.744205107936228,141.6022789770692,127.44205107936227,222.85518671087723,35.7x,0.57,4,2026-08-31,Yahoo Finance via yfinance,SEC-CIK:796343,ADBE,https://finance.yahoo.com/quote/ADBE,,"generic: PE cap 10.0x, discount floor 10.0%, growth cap 2.5%, normalization mean, DCF enabled, sector model enabled",FCFE proxy (operating cash flow less capex); no net-debt subtraction,generic,6202750000.0,
NOC,Northrop Grumman Corporation,Industrials,481.2300109863281,256.02599400055317,-0.8796138761804334,-88.0%,Overvalued,204.82079520044255,1.3495173452255416,WAIT,6,2.78,10.0%,11.4%,2.9%,25.60259940005532,284.4733266672813,256.02599400055317,N/A,7.0x,0.91,4,2026-06-30,Yahoo Finance via yfinance,SEC-CIK:1133421,NOC,https://finance.yahoo.com/quote/NOC,,"generic: PE cap 10.0x, discount floor 10.0%, growth cap 2.0%, normalization mean, DCF enabled, sector model enabled",FCFE proxy (operating cash flow less capex); no net-debt subtraction,generic,5006500000.0,
FRT,Federal Realty Investment Trust,Real Estate,107.33499908447266,56.049775564650616,-0.9149942707739677,-91.5%,Overvalued,44.8398204517205,1.3937428384674593,WAIT,4,1.12,10.0%,4.5%,1.8%,,,56.049775564650616,N/A,2.4x,1.44,4,2026-06-30,Yahoo Finance via yfinance,SEC-CIK:34903,FRT,https://finance.yahoo.com/quote/FRT,2025-12-31: unusual items are 34% of continuing net income; 2022-12-31: unusual items are 41% of continuing net income,"reit: PE cap 10.0x, discount floor 10.0%, growth cap 0.0%, normalization mean, DCF disabled, sector model enabled",Nareit-style FFO proxy with 20% AFFO haircut,reit,608725750.0,"Replace the calculated FFO proxy with company-reported FFO/AFFO and verify recurring capital expenditure, occupancy, lease expiries, and debt maturities"
BAC,Bank of America Corporation,Financial Services,53.76499938964844,27.993522394635292,-0.920622872381077,-92.1%,Overvalued,22.394817915708234,1.4007785904763461,WAIT,N/A,N/A,11.5%,N/A,2.1%,3.4991902993294115,29.195166231122094,27.993522394635292,N/A,N/A,1.28,4,2026-03-31,Yahoo Finance via yfinance,SEC-CIK:70858,BAC,https://finance.yahoo.com/quote/BAC,,"bank: PE cap 9.0x, discount floor 11.0%, growth cap 0.0%, normalization mean, DCF disabled, sector model enabled",Tangible-book/normalized-earnings cross-check; verify regulatory capital,bank,27328000000.0,"Verify CET1 capital, asset quality, credit-loss reserves, and deposit funding in the latest regulatory and SEC filings"
WFC,Wells Fargo & Company,Financial Services,80.50499725341797,41.89246859370084,-0.9217057374728951,-92.2%,Overvalued,33.513974874960674,1.4021321718411188,WAIT,N/A,N/A,11.0%,N/A,5.2%,5.236558574212605,43.52045965622664,41.89246859370084,N/A,N/A,1.15,4,2026-06-30,Yahoo Finance via yfinance,SEC-CIK:72971,WFC,https://finance.yahoo.com/quote/WFC,,"bank: PE cap 9.0x, discount floor 11.0%, growth cap 0.0%, normalization mean, DCF disabled, sector model enabled",Tangible-book/normalized-earnings cross-check; verify regulatory capital,bank,23038250000.0,"Verify CET1 capital, asset quality, credit-loss reserves, and deposit funding in the latest regulatory and SEC filings"
REGN,"Regeneron Pharmaceuticals, Inc.",Healthcare,737.0499877929688,382.03669519814457,-0.9292649032331708,-92.9%,Overvalued,305.6293561585157,1.4115811290414633,WAIT,5,7.23,9.5%,12.5%,5.1%,38.203669519814454,424.4852168868273,382.03669519814457,473.70019916417294,75.3x,0.09,4,2026-06-30,Yahoo Finance via yfinance,SEC-CIK:872589,REGN,https://finance.yahoo.com/quote/REGN,,"generic: PE cap 10.0x, discount floor 9.5%, growth cap 2.0%, normalization mean, DCF enabled, sector model enabled",FCFE proxy (operating cash flow less capex); no net-debt subtraction,generic,4603500000.0,
UNH,UnitedHealth Group Incorporated,Healthcare,371.0400085449219,192.1602602494013,-0.9308883536239795,-93.1%,Overvalued,153.72820819952105,1.413610442029974,WAIT,6,2.98,9.5%,12.2%,5.7%,19.216026024940128,213.51140027711253,192.1602602494013,322.59049723756914,5.6x,0.74,4,2026-06-30,Yahoo Finance via yfinance,SEC-CIK:731766,UNH,https://finance.yahoo.com/quote/UNH,,"generic: PE cap 10.0x, discount floor 9.5%, growth cap 2.0%, normalization mean, DCF enabled, sector model enabled",FCFE proxy (operating cash flow less capex); no net-debt subtraction,generic,17982250000.0,
SNA,Snap-on Incorporated,Industrials,369.239990234375,190.17727372315943,-0.9415568590591782,-94.2%,Overvalued,152.14181897852754,1.4269460738239728,WAIT,6,7.66,10.0%,18.7%,5.1%,19.017727372315942,211.3080819146216,190.17727372315943,233.56812102574477,26.6x,0.21,4,2026-06-30,Yahoo Finance via yfinance,SEC-CIK:91440,SNA,https://finance.yahoo.com/quote/SNA,,"generic: PE cap 10.0x, discount floor 10.0%, growth cap 2.0%, normalization mean, DCF enabled, sector model enabled",FCFE proxy (operating cash flow less capex); no net-debt subtraction,generic,1085775000.0,
TGT,Target Corporation,Consumer Defensive,155.07000732421875,79.78632077133007,-0.9435663385037384,-94.4%,Overvalued,63.829056617064055,1.429457923129673,WAIT,6,3.27,9.0%,15.3%,2.9%,7.978632077133007,88.65146752370008,79.78632077133007,N/A,14.0x,1.05,4,2026-07-31,Yahoo Finance via yfinance,SEC-CIK:27419,TGT,https://finance.yahoo.com/quote/TGT,,"generic: PE cap 10.0x, discount floor 9.0%, growth cap 3.0%, normalization mean, DCF enabled, sector model enabled",FCFE proxy (operating cash flow less capex); no net-debt subtraction,generic,6499250000.0,
T,AT&T Inc.,Communication Services,24.350000381469727,12.466145616208149,-0.9532902254735826,-95.3%,Overvalued,9.972916492966519,1.4416127818419782,WAIT,6,0.89,9.5%,8.1%,5.7%,1.5512288225809474,17.23587580645497,12.466145616208149,34.99858078413805,3.6x,1.47,4,2026-06-30,Yahoo Finance via yfinance,SEC-CIK:732717,T,https://finance.yahoo.com/quote/T,,"generic: PE cap 10.0x, discount floor 9.5%, growth cap 2.0%, normalization mean, DCF enabled, sector model enabled",FCFE proxy (operating cash flow less capex); no net-debt subtraction,generic,25983750000.0,
CB,Chubb Limited,Financial Services,331.4599914550781,168.02259177677524,-0.9727108595934291,-97.3%,Overvalued,134.4180734214202,1.4658885744917864,WAIT,N/A,N/A,11.0%,N/A,13.1%,21.002823972096905,179.14393238653054,168.02259177677524,N/A,N/A,0.24,4,2026-06-30,Yahoo Finance via yfinance,SEC-CIK:896159,CB,https://finance.yahoo.com/quote/CB,,"insurance: PE cap 9.0x, discount floor 11.0%, growth cap 0.0%, normalization mean, DCF disabled, sector model enabled",Tangible-book/normalized-earnings cross-check; verify regulatory capital,insurance,8386250000.0,"Verify risk-based capital, reserve adequacy, underwriting results, and investment portfolio risk in the latest statutory and SEC filings"
HSY,The Hershey Company,Consumer Defensive,160.77999877929688,80.69710201051811,-0.9923887571370371,-99.2%,Overvalued,64.55768160841448,1.4904859464212965,WAIT,5,4.11,9.0%,17.7%,4.7%,8.06971020105181,89.66344667835345,80.69710201051811,150.27660636496674,9.6x,1.30,4,2026-06-30,Yahoo Finance via yfinance,SEC-CIK:47111,HSY,https://finance.yahoo.com/quote/HSY,,"generic: PE cap 10.0x, discount floor 9.0%, growth cap 3.0%, normalization mean, DCF enabled, sector model enabled",FCFE proxy (operating cash flow less capex); no net-debt subtraction,generic,1864572000.0,
RJF,"Raymond James Financial, Inc.",Financial Services,158.3249969482422,78.97782562891231,-1.0046765745635107,-100.5%,Overvalued,63.182260503129854,1.5058457182043883,WAIT,N/A,N/A,11.0%,N/A,0.5%,8.775313958768034,97.50348843075594,78.97782562891231,N/A,N/A,0.35,4,2026-06-30,Yahoo Finance via yfinance,SEC-CIK:720005,RJF,https://finance.yahoo.com/quote/RJF,,"financial_other: PE cap 9.0x, discount floor 11.0%, growth cap 0.0%, normalization mean, DCF disabled, sector model enabled",FCFE proxy (operating cash flow less capex); no net-debt subtraction,financial_other,1831500000.0,"Verify sector-specific balance-sheet, regulatory, and transaction-volume risks in the latest filings"
ZBH,"Zimmer Biomet Holdings, Inc.",Healthcare,87.9000015258789,42.921362625802004,-1.0479312898849622,-104.8%,Overvalued,34.3370901006416,1.5599141123562028,WAIT,5,2.36,9.5%,5.6%,5.1%,4.2921362625802,47.69040291755778,42.921362625802004,85.94451451361768,4.8x,0.59,4,2026-06-30,Yahoo Finance via yfinance,SEC-CIK:1136869,ZBH,https://finance.yahoo.com/quote/ZBH,,"generic: PE cap 10.0x, discount floor 9.5%, growth cap 2.0%, normalization mean, DCF enabled, sector model enabled",FCFE proxy (operating cash flow less capex); no net-debt subtraction,generic,1638625000.0,
APO,"Apollo Global Management, Inc.",Financial Services,114.83000183105469,55.579655012574676,-1.0660438033498922,-106.6%,Overvalued,44.46372401005974,1.5825547541873655,WAIT,4,N/A,11.2%,N/A,N/A,6.1755172236194085,68.61685804021565,55.579655012574676,N/A,17.9x,0.65,4,2026-06-30,Yahoo Finance via yfinance,SEC-CIK:1858681,APO,https://finance.yahoo.com/quote/APO,,"financial_other: PE cap 9.0x, discount floor 11.0%, growth cap 0.0%, normalization mean, DCF disabled, sector model enabled",FCFE proxy (operating cash flow less capex); no net-debt subtraction,financial_other,2082750000.0,"Verify sector-specific balance-sheet, regulatory, and transaction-volume risks in the latest filings"
GPC,Genuine Parts Company,Consumer Cyclical,127.33000183105469,61.47837793705358,-1.071134699770791,-107.1%,Overvalued,49.18270234964287,1.5889183747134885,WAIT,6,2.36,10.0%,8.9%,3.3%,6.147837793705358,68.30930881894842,61.47837793705358,N/A,6.8x,1.47,4,2026-06-30,Yahoo Finance via yfinance,SEC-CIK:40987,GPC,https://finance.yahoo.com/quote/GPC,,"generic: PE cap 10.0x, discount floor 10.0%, growth cap 2.0%, normalization mean, DCF enabled, sector model enabled",FCFE proxy (operating cash flow less capex); no net-debt subtraction,generic,1135032500.0,
AVY,Avery Dennison Corporation,Consumer Cyclical,171.30999755859375,82.33554960910342,-1.0806322223135179,-108.1%,Overvalued,65.86843968728274,1.600790277891897,WAIT,5,3.57,10.0%,16.2%,3.9%,8.233554960910343,91.48394401011493,82.33554960910342,108.48853955161329,8.4x,1.58,4,2026-06-30,Yahoo Finance via yfinance,SEC-CIK:8818,AVY,https://finance.yahoo.com/quote/AVY,,"generic: PE cap 10.0x, discount floor 10.0%, growth cap 2.0%, normalization mean, DCF enabled, sector model enabled",FCFE proxy (operating cash flow less capex); no net-debt subtraction,generic,962500000.0,
BEN,Franklin Templeton Inc.,Financial Services,33.189998626708984,15.90008274269587,-1.0874104345120907,-108.7%,Overvalued,12.720066194156697,1.6092630431401134,WAIT,7,N/A,11.0%,4.2%,3.8%,1.7666758602995412,19.629731781106013,15.90008274269587,N/A,14.6x,1.42,4,2026-06-30,Yahoo Finance via yfinance,SEC-CIK:38777,BEN,https://finance.yahoo.com/quote/BEN,,"financial_other: PE cap 9.0x, discount floor 11.0%, growth cap 0.0%, normalization mean, DCF disabled, sector model enabled",FCFE proxy (operating cash flow less capex); no net-debt subtraction,financial_other,974350000.0,"Verify sector-specific balance-sheet, regulatory, and transaction-volume risks in the latest filings"
KVUE,Kenvue Inc.,Consumer Defensive,17.204999923706055,8.229429074581669,-1.0906675016918652,-109.1%,Overvalued,6.583543259665335,1.6133343771148312,WAIT,6,2.11,9.0%,12.9%,4.9%,0.8229429074581669,9.143810082868521,8.229429074581669,17.669613692586847,6.9x,0.82,4,2026-06-30,Yahoo Finance via yfinance,SEC-CIK:1944048,KVUE,https://finance.yahoo.com/quote/KVUE,,"generic: PE cap 10.0x, discount floor 9.0%, growth cap 3.0%, normalization mean, DCF enabled, sector model enabled",FCFE proxy (operating cash flow less capex); no net-debt subtraction,generic,1933250000.0,
ABT,Abbott Laboratories,Healthcare,97.31999969482422,46.49901796229598,-1.0929474203893241,-109.3%,Overvalued,37.19921436983679,1.6161842754866549,WAIT,6,4.73,9.5%,8.1%,3.4%,4.649901796229598,51.6655755136622,46.49901796229598,51.94047351878021,16.3x,0.65,4,2026-03-31,Yahoo Finance via yfinance,SEC-CIK:1800,ABT,https://finance.yahoo.com/quote/ABT,,"generic: PE cap 10.0x, discount floor 9.5%, growth cap 2.0%, normalization mean, DCF enabled, sector model enabled",FCFE proxy (operating cash flow less capex); no net-debt subtraction,generic,9471500000.0,
CFG,"Citizens Financial Group, Inc.",Financial Services,64.44499969482422,30.460406609519538,-1.1156972893028867,-111.6%,Overvalued,24.368325287615633,1.644621611628608,WAIT,N/A,N/A,11.0%,N/A,9.0%,3.8075508261899422,30.62444023053008,30.460406609519538,N/A,N/A,0.62,4,2026-06-30,Yahoo Finance via yfinance,SEC-CIK:759944,CFG,https://finance.yahoo.com/quote/CFG,,"bank: PE cap 9.0x, discount floor 11.0%, growth cap 0.0%, normalization mean, DCF disabled, sector model enabled",Tangible-book/normalized-earnings cross-check; verify regulatory capital,bank,1944250000.0,"Verify CET1 capital, asset quality, credit-loss reserves, and deposit funding in the latest regulatory and SEC filings"
COP,ConocoPhillips,Energy,126.73999786376953,59.71946429831635,-1.1222561078355597,-112.2%,Overvalued,47.77557143865309,1.6528201347944493,WAIT,7,3.27,11.0%,13.6%,4.7%,7.464933037289544,82.94370041432828,59.71946429831635,N/A,11.7x,0.36,4,2026-06-30,Yahoo Finance via yfinance,SEC-CIK:1163165,COP,https://finance.yahoo.com/quote/COP,,"generic: PE cap 8.0x, discount floor 11.0%, growth cap 0.0%, normalization lower_quartile, DCF enabled, sector model enabled",FCFE proxy (operating cash flow less capex); no net-debt subtraction,generic,19231250000.0,
MDLZ,"Mondelez International, Inc.",Consumer Defensive,58.244998931884766,27.3171566999605,-1.132176476916025,-113.2%,Overvalued,21.8537253599684,1.665220596145031,WAIT,5,2.25,9.0%,6.2%,3.5%,2.73171566999605,30.352396333289448,27.3171566999605,44.67413959515004,6.0x,0.84,4,2026-03-31,Yahoo Finance via yfinance,SEC-CIK:1103982,MDLZ,https://finance.yahoo.com/quote/MDLZ,,"generic: PE cap 10.0x, discount floor 9.0%, growth cap 3.0%, normalization mean, DCF enabled, sector model enabled",FCFE proxy (operating cash flow less capex); no net-debt subtraction,generic,3820250000.0,
PAYX,"Paychex, Inc.",Technology,98.81999969482422,46.085096612651846,-1.1442940767904335,-114.4%,Overvalued,36.86807729012148,1.6803675959880418,WAIT,7,2.90,10.0%,27.5%,4.7%,4.608509661265185,51.2056629029465,46.085096612651846,70.43175853018366,9.3x,1.23,4,2026-05-31,Yahoo Finance via yfinance,SEC-CIK:723531,PAYX,https://finance.yahoo.com/quote/PAYX,,"generic: PE cap 10.0x, discount floor 10.0%, growth cap 2.5%, normalization mean, DCF enabled, sector model enabled",FCFE proxy (operating cash flow less capex); no net-debt subtraction,generic,1833575000.0,
BRO,"Brown & Brown, Inc.",Financial Services,60.25,28.046018865568634,-1.148254990798974,-114.8%,Overvalued,22.436815092454907,1.6853187384987176,WAIT,4,N/A,11.0%,6.8%,3.9%,3.116224318396515,34.624714648850166,28.046018865568634,N/A,4.0x,0.64,4,2026-06-30,Yahoo Finance via yfinance,SEC-CIK:79282,BRO,https://finance.yahoo.com/quote/BRO,2023-12-31: unusual items are 21% of continuing net income,"financial_other: PE cap 9.0x, discount floor 11.0%, growth cap 0.0%, normalization mean, DCF disabled, sector model enabled",FCFE proxy (operating cash flow less capex); no net-debt subtraction,financial_other,1009250000.0,"Verify sector-specific balance-sheet, regulatory, and transaction-volume risks in the latest filings"
CINF,Cincinnati Financial Corporation,Financial Services,162.09500122070312,75.39635824745656,-1.1499049156816705,-115.0%,Overvalued,60.31708659796525,1.6873811446020883,WAIT,N/A,N/A,11.0%,N/A,10.3%,9.572494815690028,75.39635824745656,76.57995852552023,N/A,N/A,0.06,4,2026-03-31,Yahoo Finance via yfinance,SEC-CIK:20286,CINF,https://finance.yahoo.com/quote/CINF,,"insurance: PE cap 9.0x, discount floor 11.0%, growth cap 0.0%, normalization mean, DCF disabled, sector model enabled",Tangible-book/normalized-earnings cross-check; verify regulatory capital,insurance,1376250000.0,"Verify risk-based capital, reserve adequacy, underwriting results, and investment portfolio risk in the latest statutory and SEC filings"
KIM,Kimco Realty Corporation,Real Estate,22.2549991607666,10.303083192719615,-1.1600329478551112,-116.0%,Overvalued,8.242466554175692,1.700041184818889,WAIT,8,1.22,10.0%,3.2%,4.4%,0.5624285860583342,,10.303083192719615,N/A,2.3x,0.86,4,2026-06-30,Yahoo Finance via yfinance,SEC-CIK:879101,KIM,https://finance.yahoo.com/quote/KIM,2023-12-31: unusual items are 41% of continuing net income,"reit: PE cap 10.0x, discount floor 10.0%, growth cap 0.0%, normalization mean, DCF disabled, sector model enabled",Nareit-style FFO proxy with 20% AFFO haircut,reit,863199750.0,"Replace the calculated FFO proxy with company-reported FFO/AFFO and verify recurring capital expenditure, occupancy, lease expiries, and debt maturities"
PSA,Public Storage,Real Estate,285.3949890136719,130.89335140299386,-1.1803627606340301,-118.0%,Overvalued,104.71468112239509,1.7254534507925374,WAIT,4,3.46,10.0%,9.3%,4.4%,11.44007492235423,,130.89335140299386,N/A,6.9x,1.11,4,2026-06-30,Yahoo Finance via yfinance,SEC-CIK:1393311,PSA,https://finance.yahoo.com/quote/PSA,2022-12-31: unusual items are 50% of continuing net income,"reit: PE cap 10.0x, discount floor 10.0%, growth cap 0.0%, normalization mean, DCF disabled, sector model enabled",Nareit-style FFO proxy with 20% AFFO haircut,reit,2873454000.0,"Replace the calculated FFO proxy with company-reported FFO/AFFO and verify recurring capital expenditure, occupancy, lease expiries, and debt maturities"
MKC,"McCormick & Company, Incorporated",Consumer Defensive,44.70000076293945,20.266335738729488,-1.205628157907036,-120.6%,Overvalued,16.213068590983593,1.7570351973837948,WAIT,6,2.11,9.0%,8.2%,4.1%,2.725396038054361,30.28217820060401,20.266335738729488,N/A,5.8x,0.71,4,2026-05-31,Yahoo Finance via yfinance,SEC-CIK:63754,MKC,https://finance.yahoo.com/quote/MKC,,"generic: PE cap 10.0x, discount floor 9.0%, growth cap 3.0%, normalization mean, DCF enabled, sector model enabled",FCFE proxy (operating cash flow less capex); no net-debt subtraction,generic,881925000.0,
REG,Regency Centers Corporation,Real Estate,71.76000213623047,32.32220587010313,-1.2201455687962766,-122.0%,Overvalued,25.85776469608251,1.7751819609953454,WAIT,7,1.43,10.0%,3.7%,4.0%,2.4331454051466674,,32.32220587010313,N/A,2.8x,0.81,4,2026-03-31,Yahoo Finance via yfinance,SEC-CIK:910606,REG,https://finance.yahoo.com/quote/REG,2022-12-31: unusual items are 21% of continuing net income,"reit: PE cap 10.0x, discount floor 10.0%, growth cap 0.0%, normalization mean, DCF disabled, sector model enabled",Nareit-style FFO proxy with 20% AFFO haircut,reit,739726250.0,"Replace the calculated FFO proxy with company-reported FFO/AFFO and verify recurring capital expenditure, occupancy, lease expiries, and debt maturities"
WRB,W. R. Berkley Corporation,Financial Services,69.11000061035156,30.98881801188162,-1.230159297584492,-123.0%,Overvalued,24.791054409505296,1.7876991219806149,WAIT,N/A,N/A,11.0%,N/A,43084.6%,3.8736022514852024,33.53526539934704,30.98881801188162,N/A,N/A,0.29,4,2026-06-30,Yahoo Finance via yfinance,SEC-CIK:11544,WRB,https://finance.yahoo.com/quote/WRB,,"insurance: PE cap 9.0x, discount floor 11.0%, growth cap 0.0%, normalization mean, DCF disabled, sector model enabled",Tangible-book/normalized-earnings cross-check; verify regulatory capital,insurance,1428255500.0,"Verify risk-based capital, reserve adequacy, underwriting results, and investment portfolio risk in the latest statutory and SEC filings"
ALL,The Allstate Corporation,Financial Services,224.1699981689453,99.69700106412071,-1.2485129520071427,-124.9%,Overvalued,79.75760085129657,1.8106411900089285,WAIT,N/A,N/A,11.0%,N/A,11.7%,12.462125133015089,102.1181017238517,99.69700106412071,N/A,N/A,0.22,4,2026-06-30,Yahoo Finance via yfinance,SEC-CIK:899051,ALL,https://finance.yahoo.com/quote/ALL,,"insurance: PE cap 9.0x, discount floor 11.0%, growth cap 0.0%, normalization mean, DCF disabled, sector model enabled",Tangible-book/normalized-earnings cross-check; verify regulatory capital,insurance,154250000.0,"Verify risk-based capital, reserve adequacy, underwriting results, and investment portfolio risk in the latest statutory and SEC filings"
BX,Blackstone Inc.,Financial Services,112.5199966430664,49.75305162853066,-1.2615697522067635,-126.2%,Overvalued,39.80244130282453,1.8269621902584543,WAIT,N/A,N/A,12.1%,N/A,3.1%,5.528116847614518,61.4235205290502,49.75305162853066,N/A,N/A,1.56,4,2026-06-30,Yahoo Finance via yfinance,SEC-CIK:1393818,BX,https://finance.yahoo.com/quote/BX,,"financial_other: PE cap 9.0x, discount floor 11.0%, growth cap 0.0%, normalization mean, DCF disabled, sector model enabled",FCFE proxy (operating cash flow less capex); no net-debt subtraction,financial_other,1718784750.0,"Verify sector-specific balance-sheet, regulatory, and transaction-volume risks in the latest filings"
ESS,"Essex Property Trust, Inc.",Real Estate,269.17999267578125,118.57884190491353,-1.2700507809954187,-127.0%,Overvalued,94.86307352393084,1.8375634762442732,WAIT,6,1.65,10.0%,3.7%,3.5%,,,118.57884190491353,N/A,2.1x,1.27,4,2026-06-30,Yahoo Finance via yfinance,SEC-CIK:920522,ESS,https://finance.yahoo.com/quote/ESS,2025-12-31: unusual items are 48% of continuing net income; 2024-12-31: unusual items are 54% of continuing net income; 2022-12-31: unusual items are 33% of continuing net income,"reit: PE cap 10.0x, discount floor 10.0%, growth cap 0.0%, normalization mean, DCF disabled, sector model enabled",Nareit-style FFO proxy with 20% AFFO haircut,reit,952605750.0,"Replace the calculated FFO proxy with company-reported FFO/AFFO and verify recurring capital expenditure, occupancy, lease expiries, and debt maturities"
FDS,FactSet Research Systems Inc.,Financial Services,265.2900085449219,116.4269783497223,-1.2785956683342425,-127.9%,Overvalued,93.14158267977785,1.8482445854178027,WAIT,6,N/A,11.0%,17.3%,5.4%,12.936330927746923,143.73701030829915,116.4269783497223,N/A,13.6x,0.77,4,2026-05-31,Yahoo Finance via yfinance,SEC-CIK:1013237,FDS,https://finance.yahoo.com/quote/FDS,,"financial_other: PE cap 9.0x, discount floor 11.0%, growth cap 0.0%, normalization mean, DCF disabled, sector model enabled",FCFE proxy (operating cash flow less capex); no net-debt subtraction,financial_other,586083750.0,"Verify sector-specific balance-sheet, regulatory, and transaction-volume risks in the latest filings"
SPG,"Simon Property Group, Inc.",Real Estate,200.97500610351562,88.19663362395632,-1.2787151600412785,-127.9%,Overvalued,70.55730689916506,1.8483939500515982,WAIT,5,1.56,10.0%,7.9%,3.0%,7.9525041085727795,,88.19663362395632,N/A,3.1x,6.64,4,2026-06-30,Yahoo Finance via yfinance,SEC-CIK:1063761,SPG,https://finance.yahoo.com/quote/SPG,2025-12-31: unusual items are 50% of continuing net income,"reit: PE cap 10.0x, discount floor 10.0%, growth cap 0.0%, normalization mean, DCF disabled, sector model enabled",Nareit-style FFO proxy with 20% AFFO haircut,reit,3567107500.0,"Replace the calculated FFO proxy with company-reported FFO/AFFO and verify recurring capital expenditure, occupancy, lease expiries, and debt maturities"
INTU,Intuit Inc.,Technology,280.7799987792969,122.53064866152175,-1.291508302995462,-129.2%,Overvalued,98.02451892921741,1.8643853787443272,WAIT,8,4.56,10.0%,24.1%,7.9%,12.253064866152176,136.14516517946862,122.53064866152175,N/A,24.1x,0.44,4,2026-07-31,Yahoo Finance via yfinance,SEC-CIK:896878,INTU,https://finance.yahoo.com/quote/INTU,,"generic: PE cap 10.0x, discount floor 10.0%, growth cap 2.5%, normalization mean, DCF enabled, sector model enabled",FCFE proxy (operating cash flow less capex); no net-debt subtraction,generic,3611500000.0,
L,Loews Corporation,Financial Services,106.0,46.14457236570155,-1.2971282334125158,-129.7%,Overvalued,36.91565789256124,1.8714102917656448,WAIT,N/A,N/A,11.0%,N/A,11.9%,6.423354159974055,46.14457236570155,51.38683327979244,N/A,N/A,0.47,4,2026-06-30,Yahoo Finance via yfinance,SEC-CIK:60086,L,https://finance.yahoo.com/quote/L,,"insurance: PE cap 9.0x, discount floor 11.0%, growth cap 0.0%, normalization mean, DCF disabled, sector model enabled",Tangible-book/normalized-earnings cross-check; verify regulatory capital,insurance,1811750000.0,"Verify risk-based capital, reserve adequacy, underwriting results, and investment portfolio risk in the latest statutory and SEC filings"
PG,The Procter & Gamble Company,Consumer Defensive,144.8000030517578,63.00169336763901,-1.2983509698190863,-129.8%,Overvalued,50.401354694111205,1.8729387122738579,WAIT,6,5.38,9.0%,19.7%,4.1%,6.300169336763901,70.0018815195989,63.00169336763901,109.88552159719386,22.5x,0.65,4,2026-06-30,Yahoo Finance via yfinance,SEC-CIK:80424,PG,https://finance.yahoo.com/quote/PG,,"generic: PE cap 10.0x, discount floor 9.0%, growth cap 3.0%, normalization mean, DCF enabled, sector model enabled",FCFE proxy (operating cash flow less capex); no net-debt subtraction,generic,17389500000.0,
KEY,KeyCorp,Financial Services,20.11009979248047,8.68625433514818,-1.3151635925633312,-131.5%,Overvalued,6.949003468118544,1.8939544907041637,WAIT,N/A,N/A,11.0%,N/A,7.1%,1.1399413157582439,8.68625433514818,9.119530526065951,N/A,N/A,0.74,4,2026-06-30,Yahoo Finance via yfinance,SEC-CIK:91576,KEY,https://finance.yahoo.com/quote/KEY,,"bank: PE cap 9.0x, discount floor 11.0%, growth cap 0.0%, normalization mean, DCF disabled, sector model enabled",Tangible-book/normalized-earnings cross-check; verify regulatory capital,bank,678500000.0,"Verify CET1 capital, asset quality, credit-loss reserves, and deposit funding in the latest regulatory and SEC filings"
QCOM,QUALCOMM Incorporated,Technology,185.89999389648438,79.7510709078345,-1.3310031047899336,-133.1%,Overvalued,63.800856726267604,1.913753880987417,WAIT,6,6.65,13.0%,23.4%,4.9%,7.9751070907834505,88.612301008705,79.7510709078345,94.33449952256535,14.9x,0.55,4,2026-06-30,Yahoo Finance via yfinance,SEC-CIK:804328,QCOM,https://finance.yahoo.com/quote/QCOM,,"generic: PE cap 10.0x, discount floor 10.0%, growth cap 2.5%, normalization mean, DCF enabled, sector model enabled",FCFE proxy (operating cash flow less capex); no net-debt subtraction,generic,8566500000.0,
CVS,CVS Health Corporation,Healthcare,86.0,36.877231641912665,-1.332062255515326,-133.2%,Overvalued,29.501785313530135,1.9150778193941573,WAIT,6,2.41,9.5%,7.8%,5.5%,3.6877231641912664,40.974701824347406,36.877231641912665,N/A,4.5x,0.96,4,2026-06-30,Yahoo Finance via yfinance,SEC-CIK:64803,CVS,https://finance.yahoo.com/quote/CVS,,"generic: PE cap 10.0x, discount floor 9.5%, growth cap 2.0%, normalization mean, DCF enabled, sector model enabled",FCFE proxy (operating cash flow less capex); no net-debt subtraction,generic,7994750000.0,
BRK-B,Berkshire Hathaway Inc.,Financial Services,502.6499938964844,214.84471921983186,-1.3395966897476614,-134.0%,Overvalued,171.8757753758655,1.9244958621845767,WAIT,N/A,N/A,11.0%,N/A,2.6%,26.855589902478982,220294.43463088805,214.84471921983186,N/A,N/A,0.17,4,2026-06-30,Yahoo Finance via yfinance,SEC-CIK:1067983,BRK-B,https://finance.yahoo.com/quote/BRK-B,,"insurance: PE cap 9.0x, discount floor 11.0%, growth cap 0.0%, normalization mean, DCF disabled, sector model enabled",Tangible-book/normalized-earnings cross-check; verify regulatory capital,insurance,57368000000.0,"Verify risk-based capital, reserve adequacy, underwriting results, and investment portfolio risk in the latest statutory and SEC filings"
O,Realty Income Corporation,Real Estate,53.94499969482422,22.917421438551177,-1.3538860966303625,-135.4%,Overvalued,18.333937150840942,1.9423576207879534,WAIT,5,0.96,10.0%,3.1%,4.0%,1.2150442479419592,,22.917421438551177,N/A,2.4x,0.79,4,2026-06-30,Yahoo Finance via yfinance,SEC-CIK:726728,O,https://finance.yahoo.com/quote/O,,"reit: PE cap 10.0x, discount floor 10.0%, growth cap 0.0%, normalization mean, DCF disabled, sector model enabled",Nareit-style FFO proxy with 20% AFFO haircut,reit,2710563750.0,"Replace the calculated FFO proxy with company-reported FFO/AFFO and verify recurring capital expenditure, occupancy, lease expiries, and debt maturities"
STZ,"Constellation Brands, Inc.",Consumer Defensive,113.18000030517578,48.07666962854614,-1.3541564168158124,-135.4%,Overvalued,38.46133570283692,1.9426955210197652,WAIT,6,2.60,9.0%,12.5%,5.8%,4.807666962854614,53.418521809495715,48.07666962854614,174.289003319725,8.5x,1.28,4,2026-05-31,Yahoo Finance via yfinance,SEC-CIK:16918,STZ,https://finance.yahoo.com/quote/STZ,,"generic: PE cap 10.0x, discount floor 9.0%, growth cap 3.0%, normalization mean, DCF enabled, sector model enabled",FCFE proxy (operating cash flow less capex); no net-debt subtraction,generic,351425000.0,
JPM,JPMorgan Chase & Co.,Financial Services,332.1400146484375,140.682940070986,-1.3609118097819521,-136.1%,Overvalued,112.5463520567888,1.9511397622274402,WAIT,N/A,N/A,11.0%,N/A,N/A,17.58536750887325,154.090414069314,140.682940070986,N/A,N/A,1.42,4,2026-06-30,Yahoo Finance via yfinance,SEC-CIK:19617,JPM,https://finance.yahoo.com/quote/JPM,,"bank: PE cap 9.0x, discount floor 11.0%, growth cap 0.0%, normalization mean, DCF disabled, sector model enabled",Tangible-book/normalized-earnings cross-check; verify regulatory capital,bank,52189750000.0,"Verify CET1 capital, asset quality, credit-loss reserves, and deposit funding in the latest regulatory and SEC filings"
AON,Aon plc,Financial Services,270.989990234375,114.09118198874296,-1.3752053884507287,-137.5%,Overvalued,91.27294559099437,1.9690067355634109,WAIT,8,N/A,11.0%,16.3%,4.2%,12.676797998749217,140.85331109721352,114.09118198874296,N/A,6.6x,1.65,4,2026-06-30,Yahoo Finance via yfinance,SEC-CIK:315293,AON,https://finance.yahoo.com/quote/AON,2025-12-31: unusual items are 25% of continuing net income,"financial_other: PE cap 9.0x, discount floor 11.0%, growth cap 0.0%, normalization mean, DCF disabled, sector model enabled",FCFE proxy (operating cash flow less capex); no net-debt subtraction,financial_other,2844750000.0,"Verify sector-specific balance-sheet, regulatory, and transaction-volume risks in the latest filings"
KDP,Keurig Dr Pepper Inc.,Consumer Defensive,30.549999237060547,12.829458152332457,-1.3812384649702771,-138.1%,Overvalued,10.263566521865966,1.976548081212846,WAIT,6,1.41,9.0%,4.9%,2.3%,1.2829458152332456,14.254953502591619,12.829458152332457,N/A,3.2x,1.20,4,2026-06-30,Yahoo Finance via yfinance,SEC-CIK:1418135,KDP,https://finance.yahoo.com/quote/KDP,,"generic: PE cap 10.0x, discount floor 9.0%, growth cap 3.0%, normalization mean, DCF enabled, sector model enabled",FCFE proxy (operating cash flow less capex); no net-debt subtraction,generic,2158750000.0,
STT,State Street Corporation,Financial Services,175.91000366210938,73.18855549815082,-1.4035179061097047,-140.4%,Overvalued,58.55084439852066,2.0043973826371304,WAIT,N/A,N/A,12.2%,N/A,N/A,8.132061722016758,90.35624135574176,73.18855549815082,N/A,N/A,1.06,4,2026-06-30,Yahoo Finance via yfinance,SEC-CIK:93751,STT,https://finance.yahoo.com/quote/STT,,"financial_other: PE cap 9.0x, discount floor 11.0%, growth cap 0.0%, normalization mean, DCF disabled, sector model enabled",FCFE proxy (operating cash flow less capex); no net-debt subtraction,financial_other,2991750000.0,"Verify sector-specific balance-sheet, regulatory, and transaction-volume risks in the latest filings"
ALLE,Allegion plc,Industrials,155.10000610351562,63.91881793925712,-1.4265155568256782,-142.7%,Overvalued,51.1350543514057,2.033144446032097,WAIT,6,4.60,10.0%,18.4%,3.7%,6.3918817939257115,71.0209088213968,63.91881793925712,81.71217729503955,8.9x,0.96,4,2026-06-30,Yahoo Finance via yfinance,SEC-CIK:1579241,ALLE,https://finance.yahoo.com/quote/ALLE,,"generic: PE cap 10.0x, discount floor 10.0%, growth cap 2.0%, normalization mean, DCF enabled, sector model enabled",FCFE proxy (operating cash flow less capex); no net-debt subtraction,generic,627975000.0,
NTRS,Northern Trust Corporation,Financial Services,171.0850067138672,69.36145223181742,-1.466571866778003,-146.7%,Overvalued,55.489161785453945,2.0832148334725034,WAIT,N/A,N/A,11.7%,N/A,N/A,7.706828025757492,85.63142250841658,69.36145223181742,N/A,N/A,1.05,4,2026-06-30,Yahoo Finance via yfinance,SEC-CIK:73124,NTRS,https://finance.yahoo.com/quote/NTRS,,"financial_other: PE cap 9.0x, discount floor 11.0%, growth cap 0.0%, normalization mean, DCF disabled, sector model enabled",FCFE proxy (operating cash flow less capex); no net-debt subtraction,financial_other,1799125000.0,"Verify sector-specific balance-sheet, regulatory, and transaction-volume risks in the latest filings"
MRSH,"Marsh & McLennan Companies, Inc.",Financial Services,170.45010375976562,68.857567182716,-1.4754011902202444,-147.5%,Overvalued,55.0860537461728,2.0942514877753053,WAIT,6,N/A,11.0%,13.3%,3.9%,7.650840798079555,85.00934220088395,68.857567182716,N/A,6.3x,1.47,4,2026-06-30,Yahoo Finance via yfinance,SEC-CIK:62709,MRSH,https://finance.yahoo.com/quote/MRSH,,"financial_other: PE cap 9.0x, discount floor 11.0%, growth cap 0.0%, normalization mean, DCF disabled, sector model enabled",FCFE proxy (operating cash flow less capex); no net-debt subtraction,financial_other,4294000000.0,"Verify sector-specific balance-sheet, regulatory, and transaction-volume risks in the latest filings"
GD,General Dynamics Corporation,Industrials,330.239990234375,133.23364722132715,-1.4786530814230567,-147.9%,Overvalued,106.58691777706173,2.0983163517788204,WAIT,7,4.17,10.0%,14.0%,3.8%,13.323364722132716,148.03738580147464,133.23364722132715,170.03602855919334,16.5x,0.35,4,2026-06-30,Yahoo Finance via yfinance,SEC-CIK:40533,GD,https://finance.yahoo.com/quote/GD,,"generic: PE cap 10.0x, discount floor 10.0%, growth cap 2.0%, normalization mean, DCF enabled, sector model enabled",FCFE proxy (operating cash flow less capex); no net-debt subtraction,generic,4250000000.0,
UNP,Union Pacific Corporation,Industrials,278.2174987792969,111.83328061135853,-1.4877880471570397,-148.8%,Overvalued,89.46662448908683,2.1097350589462995,WAIT,8,4.16,10.0%,16.2%,2.8%,11.183328061135853,124.25920067928726,111.83328061135853,117.57037274590067,7.9x,1.51,4,2026-06-30,Yahoo Finance via yfinance,SEC-CIK:100885,UNP,https://finance.yahoo.com/quote/UNP,,"generic: PE cap 10.0x, discount floor 10.0%, growth cap 2.0%, normalization mean, DCF enabled, sector model enabled",FCFE proxy (operating cash flow less capex); no net-debt subtraction,generic,9033000000.0,
PGR,The Progressive Corporation,Financial Services,209.97999572753906,83.06066134405536,-1.5280318303481375,-152.8%,Overvalued,66.4485290752443,2.1600397879351716,WAIT,N/A,N/A,11.0%,N/A,10.5%,10.38258266800692,88.57843137254902,83.06066134405536,N/A,N/A,0.24,4,2026-06-30,Yahoo Finance via yfinance,SEC-CIK:80661,PGR,https://finance.yahoo.com/quote/PGR,,"insurance: PE cap 9.0x, discount floor 11.0%, growth cap 0.0%, normalization mean, DCF disabled, sector model enabled",Tangible-book/normalized-earnings cross-check; verify regulatory capital,insurance,3389500000.0,"Verify risk-based capital, reserve adequacy, underwriting results, and investment portfolio risk in the latest statutory and SEC filings"
CRH,CRH plc,Basic Materials,82.13999938964844,32.45799370824583,-1.53065547205344,-153.1%,Overvalued,25.966394966596667,2.1633193400667996,WAIT,6,2.70,11.0%,10.5%,3.3%,4.659717484706138,51.77463871895709,37.277739877649104,32.45799370824583,6.4x,0.82,4,2026-06-30,Yahoo Finance via yfinance,SEC-CIK:849395,CRH,https://finance.yahoo.com/quote/CRH,,"generic: PE cap 8.0x, discount floor 11.0%, growth cap 0.0%, normalization lower_quartile, DCF enabled, sector model enabled",FCFE proxy (operating cash flow less capex); no net-debt subtraction,generic,5138750000.0,
C,Citigroup Inc.,Financial Services,128.38999938964844,50.21023793777151,-1.557048216914839,-155.7%,Overvalued,40.16819035021721,2.196310271143549,WAIT,N/A,N/A,11.5%,N/A,N/A,6.712528312383832,50.21023793777151,53.70022649907066,N/A,N/A,1.90,4,2026-06-30,Yahoo Finance via yfinance,SEC-CIK:831001,C,https://finance.yahoo.com/quote/C,,"bank: PE cap 9.0x, discount floor 11.0%, growth cap 0.0%, normalization mean, DCF disabled, sector model enabled",Tangible-book/normalized-earnings cross-check; verify regulatory capital,bank,14929250000.0,"Verify CET1 capital, asset quality, credit-loss reserves, and deposit funding in the latest regulatory and SEC filings"
ROP,"Roper Technologies, Inc.",Technology,355.010009765625,137.6174367752305,-1.5796877058934047,-158.0%,Overvalued,110.0939494201844,2.2246096323667555,WAIT,6,2.52,10.0%,6.2%,4.0%,13.761743677523048,152.90826308358945,137.6174367752305,N/A,5.9x,0.61,4,2026-06-30,Yahoo Finance via yfinance,SEC-CIK:882835,ROP,https://finance.yahoo.com/quote/ROP,,"generic: PE cap 10.0x, discount floor 10.0%, growth cap 2.5%, normalization mean, DCF enabled, sector model enabled",FCFE proxy (operating cash flow less capex); no net-debt subtraction,generic,2306425000.0,
BR,"Broadridge Financial Solutions, Inc.",Technology,157.10499572753906,60.85661931444211,-1.581559697159449,-158.2%,Overvalued,48.68529545155369,2.2269496214493114,WAIT,8,3.82,10.0%,17.3%,4.8%,6.0856619314442115,67.61846590493569,60.85661931444211,119.24362679200783,11.6x,1.24,4,2026-06-30,Yahoo Finance via yfinance,SEC-CIK:1383312,BR,https://finance.yahoo.com/quote/BR,2026-06-30: unusual items are 22% of continuing net income,"generic: PE cap 10.0x, discount floor 10.0%, growth cap 2.5%, normalization mean, DCF enabled, sector model enabled",FCFE proxy (operating cash flow less capex); no net-debt subtraction,generic,996000000.0,
XOM,ExxonMobil Holdings Corporation,Energy,164.25999450683594,62.77528531511749,-1.6166347740562,-161.7%,Overvalued,50.220228252093996,2.27079346757025,WAIT,5,4.76,11.0%,10.5%,4.1%,7.846910664389687,87.18789627099652,62.77528531511749,N/A,50.0x,0.16,4,2026-06-30,Yahoo Finance via yfinance,SEC-CIK:2115436,XOM,https://finance.yahoo.com/quote/XOM,,"generic: PE cap 8.0x, discount floor 11.0%, growth cap 0.0%, normalization lower_quartile, DCF enabled, sector model enabled",FCFE proxy (operating cash flow less capex); no net-debt subtraction,generic,56197500000.0,
GS,"The Goldman Sachs Group, Inc.",Financial Services,902.6799926757812,344.1326508785177,-1.623058260735731,-162.3%,Overvalued,275.3061207028142,2.2788228259196632,WAIT,N/A,N/A,11.5%,N/A,N/A,38.23696120872419,424.8551245413799,344.1326508785177,N/A,N/A,3.87,4,2026-06-30,Yahoo Finance via yfinance,SEC-CIK:886982,GS,https://finance.yahoo.com/quote/GS,,"financial_other: PE cap 9.0x, discount floor 11.0%, growth cap 0.0%, normalization mean, DCF disabled, sector model enabled",FCFE proxy (operating cash flow less capex); no net-debt subtraction,financial_other,13105000000.0,"Verify sector-specific balance-sheet, regulatory, and transaction-volume risks in the latest filings"
NXPI,NXP Semiconductors N.V.,Technology,245.33999633789062,93.17524088401815,-1.6331028931095846,-163.3%,Overvalued,74.54019270721453,2.29137861638698,WAIT,5,3.33,12.7%,14.6%,3.3%,9.878879675399197,109.76532972665775,98.78879675399197,93.17524088401815,7.7x,0.96,4,2026-06-30,Yahoo Finance via yfinance,SEC-CIK:1413447,NXPI,https://finance.yahoo.com/quote/NXPI,,"generic: PE cap 10.0x, discount floor 10.0%, growth cap 2.5%, normalization mean, DCF enabled, sector model enabled",FCFE proxy (operating cash flow less capex); no net-debt subtraction,generic,3289500000.0,
AXP,American Express Company,Financial Services,303.0021057128906,115.06627113369362,-1.6332834350809668,-163.3%,Overvalued,92.0530169069549,2.2916042938512087,WAIT,N/A,N/A,11.0%,N/A,7.4%,12.785141237077069,142.0571248564119,115.06627113369362,N/A,N/A,1.72,4,2026-06-30,Yahoo Finance via yfinance,SEC-CIK:4962,AXP,https://finance.yahoo.com/quote/AXP,,"financial_other: PE cap 9.0x, discount floor 11.0%, growth cap 0.0%, normalization mean, DCF disabled, sector model enabled",FCFE proxy (operating cash flow less capex); no net-debt subtraction,financial_other,9683750000.0,"Verify sector-specific balance-sheet, regulatory, and transaction-volume risks in the latest filings"
PFE,Pfizer Inc.,Healthcare,27.7549991607666,10.519799135011763,-1.6383582808528185,-163.8%,Overvalued,8.41583930800941,2.297947851066023,WAIT,5,2.16,9.5%,9.8%,5.9%,1.0519799135011763,11.688665705568626,10.519799135011763,N/A,6.3x,0.74,4,2026-06-30,Yahoo Finance via yfinance,SEC-CIK:78003,PFE,https://finance.yahoo.com/quote/PFE,2022-12-31: eps upside spike 5.48 vs median 1.39,"generic: PE cap 10.0x, discount floor 9.5%, growth cap 2.0%, normalization mean, DCF enabled, sector model enabled",FCFE proxy (operating cash flow less capex); no net-debt subtraction,generic,12874500000.0,
MDT,Medtronic plc,Healthcare,86.04000091552734,32.54072589318691,-1.6440713461017673,-164.4%,Overvalued,26.03258071454953,2.305089182627209,WAIT,7,2.84,9.5%,8.1%,3.9%,3.254072589318691,36.156362103541014,32.54072589318691,54.16161080033835,9.9x,0.56,4,2026-07-31,Yahoo Finance via yfinance,SEC-CIK:1613103,MDT,https://finance.yahoo.com/quote/MDT,,"generic: PE cap 10.0x, discount floor 9.5%, growth cap 2.0%, normalization mean, DCF enabled, sector model enabled",FCFE proxy (operating cash flow less capex); no net-debt subtraction,generic,6422000000.0,
ADP,"Automatic Data Processing, Inc.",Technology,257.6449890136719,96.07621250739504,-1.6816730415329475,-168.2%,Overvalued,76.86097000591604,2.3520913019161838,WAIT,6,2.37,10.0%,64.6%,4.0%,9.607621250739504,106.75134723043894,96.07621250739504,140.84946371711064,12.6x,0.87,4,2026-06-30,Yahoo Finance via yfinance,SEC-CIK:8670,ADP,https://finance.yahoo.com/quote/ADP,,"generic: PE cap 10.0x, discount floor 10.0%, growth cap 2.5%, normalization mean, DCF enabled, sector model enabled",FCFE proxy (operating cash flow less capex); no net-debt subtraction,generic,4225750000.0,
CSX,CSX Corporation,Industrials,47.560001373291016,17.68007837793442,-1.6900334012460125,-169.0%,Overvalued,14.144062702347538,2.362541751557515,WAIT,5,2.77,10.0%,12.7%,2.6%,1.768007837793442,19.644531531038247,17.68007837793442,19.097728220414005,6.1x,1.37,4,2026-06-30,Yahoo Finance via yfinance,SEC-CIK:277948,CSX,https://finance.yahoo.com/quote/CSX,,"generic: PE cap 10.0x, discount floor 10.0%, growth cap 2.0%, normalization mean, DCF enabled, sector model enabled",FCFE proxy (operating cash flow less capex); no net-debt subtraction,generic,4980000000.0,
OKE,"ONEOK, Inc.",Energy,87.76789855957031,32.6111120111866,-1.6913494556537436,-169.1%,Overvalued,26.08888960894928,2.364186819567179,WAIT,6,1.58,11.0%,8.7%,2.6%,4.939619927403146,54.88466586003496,39.51695941922517,32.6111120111866,3.5x,1.44,4,2026-06-30,Yahoo Finance via yfinance,SEC-CIK:1039684,OKE,https://finance.yahoo.com/quote/OKE,,"generic: PE cap 8.0x, discount floor 11.0%, growth cap 0.0%, normalization lower_quartile, DCF enabled, sector model enabled",FCFE proxy (operating cash flow less capex); no net-debt subtraction,generic,3157000000.0,
ERIE,Erie Indemnity Company,Financial Services,220.8300018310547,81.91612090741357,-1.6958063856643035,-169.6%,Overvalued,65.53289672593085,2.3697579820803796,WAIT,N/A,N/A,11.0%,N/A,3.7%,9.101791211934842,101.13101346594269,81.91612090741357,N/A,N/A,N/A,4,2026-06-30,Yahoo Finance via yfinance,SEC-CIK:922621,ERIE,https://finance.yahoo.com/quote/ERIE,,"financial_other: PE cap 9.0x, discount floor 11.0%, growth cap 0.0%, normalization mean, DCF disabled, sector model enabled",FCFE proxy (operating cash flow less capex); no net-debt subtraction,financial_other,463560250.0,"Verify sector-specific balance-sheet, regulatory, and transaction-volume risks in the latest filings"
PRU,"Prudential Financial, Inc.",Financial Services,112.71499633789062,41.76160097173581,-1.6990104238143542,-169.9%,Overvalued,33.40928077738865,2.3737630297679426,WAIT,N/A,N/A,11.0%,N/A,N/A,5.220200121466976,45.20546540869705,41.76160097173581,N/A,N/A,0.78,4,2026-06-30,Yahoo Finance via yfinance,SEC-CIK:1137774,PRU,https://finance.yahoo.com/quote/PRU,,"insurance: PE cap 9.0x, discount floor 11.0%, growth cap 0.0%, normalization mean, DCF disabled, sector model enabled",Tangible-book/normalized-earnings cross-check; verify regulatory capital,insurance,1508000000.0,"Verify risk-based capital, reserve adequacy, underwriting results, and investment portfolio risk in the latest statutory and SEC filings"
MS,Morgan Stanley,Financial Services,190.9499969482422,70.25736649059435,-1.7178644245625898,-171.8%,Overvalued,56.205893192475486,2.3973305307032367,WAIT,N/A,N/A,11.0%,N/A,N/A,7.806374054510483,86.73748949456093,70.25736649059435,N/A,N/A,3.63,4,2026-06-30,Yahoo Finance via yfinance,SEC-CIK:895421,MS,https://finance.yahoo.com/quote/MS,,"financial_other: PE cap 9.0x, discount floor 11.0%, growth cap 0.0%, normalization mean, DCF disabled, sector model enabled",FCFE proxy (operating cash flow less capex); no net-debt subtraction,financial_other,14100000000.0,"Verify sector-specific balance-sheet, regulatory, and transaction-volume risks in the latest filings"
DGX,Quest Diagnostics Incorporated,Healthcare,231.36000061035156,85.11043197840108,-1.7183506796095804,-171.8%,Overvalued,68.08834558272086,2.3979383495119757,WAIT,8,3.60,9.5%,9.7%,3.6%,8.511043197840108,94.56714664266786,85.11043197840108,137.42181818181822,6.1x,0.85,4,2026-06-30,Yahoo Finance via yfinance,SEC-CIK:1022079,DGX,https://finance.yahoo.com/quote/DGX,,"generic: PE cap 10.0x, discount floor 9.5%, growth cap 2.0%, normalization mean, DCF enabled, sector model enabled",FCFE proxy (operating cash flow less capex); no net-debt subtraction,generic,1341500000.0,
VLTO,Veralto Corporation,Industrials,94.76000213623047,34.79389934229305,-1.7234660077620785,-172.3%,Overvalued,27.835119473834443,2.404332509702598,WAIT,6,4.82,10.0%,23.5%,3.7%,3.4793899342293053,38.65988815810339,34.79389934229305,46.71606265356264,14.1x,1.09,4,2026-06-30,Yahoo Finance via yfinance,SEC-CIK:1967680,VLTO,https://finance.yahoo.com/quote/VLTO,,"generic: PE cap 10.0x, discount floor 10.0%, growth cap 2.0%, normalization mean, DCF enabled, sector model enabled",FCFE proxy (operating cash flow less capex); no net-debt subtraction,generic,922250000.0,
NSC,Norfolk Southern Corporation,Industrials,318.06500244140625,115.61728989092035,-1.7510158968566563,-175.1%,Overvalued,92.49383191273628,2.43876987107082,WAIT,6,2.44,10.1%,11.4%,2.0%,11.561728989092035,128.46365543435596,115.61728989092035,N/A,5.9x,1.02,4,2026-06-30,Yahoo Finance via yfinance,SEC-CIK:702165,NSC,https://finance.yahoo.com/quote/NSC,,"generic: PE cap 10.0x, discount floor 10.0%, growth cap 2.0%, normalization mean, DCF enabled, sector model enabled",FCFE proxy (operating cash flow less capex); no net-debt subtraction,generic,3379750000.0,
EFX,Equifax Inc.,Industrials,140.19000244140625,50.867119071890905,-1.756004369802713,-175.6%,Overvalued,40.69369525751273,2.4450054622533908,WAIT,8,2.89,10.0%,9.4%,3.0%,5.08671190718909,56.519021190989896,50.867119071890905,N/A,5.2x,1.25,4,2026-06-30,Yahoo Finance via yfinance,SEC-CIK:33185,EFX,https://finance.yahoo.com/quote/EFX,,"generic: PE cap 10.0x, discount floor 10.0%, growth cap 2.0%, normalization mean, DCF enabled, sector model enabled",FCFE proxy (operating cash flow less capex); no net-debt subtraction,generic,1239875000.0,
PLD,"Prologis, Inc.",Real Estate,128.99899291992188,46.73490729756806,-1.7602278549215093,-176.0%,Overvalued,37.38792583805445,2.450284818651886,WAIT,4,2.03,10.0%,3.2%,3.0%,,,46.73490729756806,N/A,3.5x,0.68,4,2026-06-30,Yahoo Finance via yfinance,SEC-CIK:1045609,PLD,https://finance.yahoo.com/quote/PLD,2025-12-31: unusual items are 27% of continuing net income; 2024-12-31: unusual items are 39% of continuing net income; 2023-12-31: unusual items are 22% of continuing net income; 2022-12-31: unusual items are 40% of continuing net income,"reit: PE cap 10.0x, discount floor 10.0%, growth cap 0.0%, normalization mean, DCF disabled, sector model enabled",Nareit-style FFO proxy with 20% AFFO haircut,reit,5446591250.0,"Replace the calculated FFO proxy with company-reported FFO/AFFO and verify recurring capital expenditure, occupancy, lease expiries, and debt maturities"
EXR,Extra Space Storage Inc.,Real Estate,133.96499633789062,48.0296910879619,-1.789212116574854,-178.9%,Overvalued,38.423752870369526,2.4865151457185672,WAIT,7,1.41,10.0%,4.3%,3.6%,5.152214270177927,,48.0296910879619,N/A,2.3x,1.05,4,2026-03-31,Yahoo Finance via yfinance,SEC-CIK:1289490,EXR,https://finance.yahoo.com/quote/EXR,,"reit: PE cap 10.0x, discount floor 10.0%, growth cap 0.0%, normalization mean, DCF disabled, sector model enabled",Nareit-style FFO proxy with 20% AFFO haircut,reit,1267966500.0,"Replace the calculated FFO proxy with company-reported FFO/AFFO and verify recurring capital expenditure, occupancy, lease expiries, and debt maturities"
DIS,The Walt Disney Company,Communication Services,102.28500366210938,35.916108987855324,-1.8478865485316363,-184.8%,Overvalued,28.73288719028426,2.5598581856645453,WAIT,8,2.38,10.4%,7.9%,2.8%,3.5916108987855324,39.90678776428369,35.916108987855324,N/A,8.4x,0.42,4,2026-06-30,Yahoo Finance via yfinance,SEC-CIK:1744489,DIS,https://finance.yahoo.com/quote/DIS,,"generic: PE cap 10.0x, discount floor 9.5%, growth cap 2.0%, normalization mean, DCF enabled, sector model enabled",FCFE proxy (operating cash flow less capex); no net-debt subtraction,generic,8161750000.0,
CVX,Chevron Corporation,Energy,207.02499389648438,72.46047247866932,-1.8570748549483684,-185.7%,Overvalued,57.96837798293546,2.57134356868546,WAIT,5,3.59,11.0%,9.3%,3.7%,9.057559059833665,100.63954510926294,72.46047247866932,N/A,18.1x,0.20,4,2026-06-30,Yahoo Finance via yfinance,SEC-CIK:93410,CVX,https://finance.yahoo.com/quote/CVX,2024-12-31: unusual items are 26% of continuing net income,"generic: PE cap 8.0x, discount floor 11.0%, growth cap 0.0%, normalization lower_quartile, DCF enabled, sector model enabled",FCFE proxy (operating cash flow less capex); no net-debt subtraction,generic,34718000000.0,
MPC,Marathon Petroleum Corporation,Energy,422.1199951171875,144.9733770340981,-1.9117069889177225,-191.2%,Overvalued,115.97870162727848,2.639633736147153,WAIT,7,3.96,11.0%,20.0%,4.0%,18.12167212926226,201.35191254735847,144.9733770340981,N/A,7.6x,1.80,4,2026-06-30,Yahoo Finance via yfinance,SEC-CIK:1510295,MPC,https://finance.yahoo.com/quote/MPC,,"generic: PE cap 8.0x, discount floor 11.0%, growth cap 0.0%, normalization lower_quartile, DCF enabled, sector model enabled",FCFE proxy (operating cash flow less capex); no net-debt subtraction,generic,7165250000.0,
SCHW,The Charles Schwab Corporation,Financial Services,96.7699966430664,33.05940046157367,-1.9271552203599775,-192.7%,Overvalued,26.447520369258935,2.6589440254499714,WAIT,N/A,N/A,11.0%,N/A,4.7%,3.6732667179526297,40.81407464391811,33.05940046157367,N/A,N/A,0.74,4,2026-06-30,Yahoo Finance via yfinance,SEC-CIK:316709,SCHW,https://finance.yahoo.com/quote/SCHW,,"financial_other: PE cap 9.0x, discount floor 11.0%, growth cap 0.0%, normalization mean, DCF disabled, sector model enabled",FCFE proxy (operating cash flow less capex); no net-debt subtraction,financial_other,6681500000.0,"Verify sector-specific balance-sheet, regulatory, and transaction-volume risks in the latest filings"
TEL,TE Connectivity plc,Technology,221.1999969482422,74.93612658476881,-1.9518472201524533,-195.2%,Overvalued,59.94890126781505,2.689809025190567,WAIT,5,5.23,10.3%,17.7%,3.7%,7.493612658476882,83.26236287196535,74.93612658476881,114.28380448090117,32.5x,0.43,4,2026-06-30,Yahoo Finance via yfinance,SEC-CIK:1385157,TEL,https://finance.yahoo.com/quote/TEL,,"generic: PE cap 10.0x, discount floor 10.0%, growth cap 2.5%, normalization mean, DCF enabled, sector model enabled",FCFE proxy (operating cash flow less capex); no net-debt subtraction,generic,2698000000.0,
AIZ,"Assurant, Inc.",Financial Services,268.7799987792969,89.72568647232666,-1.9955747272236746,-199.6%,Overvalued,71.78054917786133,2.7444684090295928,WAIT,N/A,N/A,11.0%,N/A,9.3%,12.1339001615115,89.72568647232666,97.071201292092,N/A,N/A,0.36,4,2026-06-30,Yahoo Finance via yfinance,SEC-CIK:1267238,AIZ,https://finance.yahoo.com/quote/AIZ,,"insurance: PE cap 9.0x, discount floor 11.0%, growth cap 0.0%, normalization mean, DCF disabled, sector model enabled",Tangible-book/normalized-earnings cross-check; verify regulatory capital,insurance,738575000.0,"Verify risk-based capital, reserve adequacy, underwriting results, and investment portfolio risk in the latest statutory and SEC filings"
STLD,"Steel Dynamics, Inc.",Basic Materials,231.66000366210938,75.56283132628865,-2.065793057194693,-206.6%,Overvalued,60.45026506103092,2.832241321493366,WAIT,5,5.87,11.7%,13.5%,1.0%,9.44535391578608,104.94837684206756,75.56283132628865,N/A,19.7x,0.44,4,2026-06-30,Yahoo Finance via yfinance,SEC-CIK:1022671,STLD,https://finance.yahoo.com/quote/STLD,,"generic: PE cap 8.0x, discount floor 11.0%, growth cap 0.0%, normalization lower_quartile, DCF enabled, sector model enabled",FCFE proxy (operating cash flow less capex); no net-debt subtraction,generic,1946277000.0,
BLK,"BlackRock, Inc.",Financial Services,1069.5699462890625,338.1963251652458,-2.1625711656283104,-216.3%,Overvalued,270.5570601321967,2.9532139570353872,WAIT,4,N/A,11.7%,12.1%,2.4%,37.57736946280509,417.526327364501,338.1963251652458,N/A,16.6x,0.26,4,2026-06-30,Yahoo Finance via yfinance,SEC-CIK:2012383,BLK,https://finance.yahoo.com/quote/BLK,,"financial_other: PE cap 9.0x, discount floor 11.0%, growth cap 0.0%, normalization mean, DCF disabled, sector model enabled",FCFE proxy (operating cash flow less capex); no net-debt subtraction,financial_other,5845750000.0,"Verify sector-specific balance-sheet, regulatory, and transaction-volume risks in the latest filings"
COO,"The Cooper Companies, Inc.",Healthcare,57.40999984741211,18.124090810101208,-2.1676071615915458,-216.8%,Overvalued,14.499272648080968,2.9595089519894318,WAIT,6,3.01,9.5%,4.0%,2.6%,1.812409081010121,20.137878677890235,18.124090810101208,N/A,6.1x,0.31,4,2026-07-31,Yahoo Finance via yfinance,SEC-CIK:711404,COO,https://finance.yahoo.com/quote/COO,,"generic: PE cap 10.0x, discount floor 9.5%, growth cap 2.0%, normalization mean, DCF enabled, sector model enabled",FCFE proxy (operating cash flow less capex); no net-debt subtraction,generic,714400000.0,
NUE,Nucor Corporation,Basic Materials,240.74000549316406,75.99228613219805,-2.167953192964439,-216.8%,Overvalued,60.79382890575844,2.959941491205549,WAIT,6,5.36,13.2%,12.4%,0.9%,9.499035766524756,105.54484185027506,75.99228613219805,N/A,28.7x,0.32,4,2026-06-30,Yahoo Finance via yfinance,SEC-CIK:73309,NUE,https://finance.yahoo.com/quote/NUE,,"generic: PE cap 8.0x, discount floor 11.0%, growth cap 0.0%, normalization lower_quartile, DCF enabled, sector model enabled",FCFE proxy (operating cash flow less capex); no net-debt subtraction,generic,3334750000.0,
FCX,Freeport-McMoRan Inc.,Basic Materials,71.95099639892578,22.462924462924462,-2.2031001358564173,-220.3%,Overvalued,17.970339570339572,3.0038751698205206,WAIT,6,3.25,11.5%,18.5%,0.9%,2.807865557865558,31.198506198506198,22.462924462924462,N/A,14.5x,0.52,4,2026-06-30,Yahoo Finance via yfinance,SEC-CIK:831259,FCX,https://finance.yahoo.com/quote/FCX,,"generic: PE cap 8.0x, discount floor 11.0%, growth cap 0.0%, normalization lower_quartile, DCF enabled, sector model enabled",FCFE proxy (operating cash flow less capex); no net-debt subtraction,generic,4076500000.0,
IBM,International Business Machines Corporation,Technology,222.27499389648438,69.16121137224422,-2.2138678528943143,-221.4%,Overvalued,55.32896909779538,3.017334816117893,WAIT,6,3.20,10.0%,11.0%,4.1%,6.9161211372244225,76.8457904136047,69.16121137224422,158.83783133458613,6.6x,1.89,4,2026-06-30,Yahoo Finance via yfinance,SEC-CIK:51143,IBM,https://finance.yahoo.com/quote/IBM,,"generic: PE cap 10.0x, discount floor 10.0%, growth cap 2.5%, normalization mean, DCF enabled, sector model enabled",FCFE proxy (operating cash flow less capex); no net-debt subtraction,generic,9627750000.0,
IEX,IDEX Corporation,Industrials,233.86000061035156,71.55707008661837,-2.268160648937538,-226.8%,Overvalued,57.2456560692947,3.0852008111719225,WAIT,8,5.52,10.0%,11.3%,3.2%,7.155707008661837,79.5078556517982,71.55707008661837,100.21534320323012,11.8x,0.47,4,2026-06-30,Yahoo Finance via yfinance,SEC-CIK:832101,IEX,https://finance.yahoo.com/quote/IEX,,"generic: PE cap 10.0x, discount floor 10.0%, growth cap 2.0%, normalization mean, DCF enabled, sector model enabled",FCFE proxy (operating cash flow less capex); no net-debt subtraction,generic,687425000.0,
ROL,"Rollins, Inc.",Consumer Cyclical,30.18000030517578,9.21724394233111,-2.274297663596721,-227.4%,Overvalued,7.373795153864889,3.0928720794959004,WAIT,6,7.11,10.0%,23.7%,3.5%,0.921724394233111,10.241382158145678,9.21724394233111,14.318884082711111,21.8x,0.78,4,2026-06-30,Yahoo Finance via yfinance,SEC-CIK:84839,ROL,https://finance.yahoo.com/quote/ROL,,"generic: PE cap 10.0x, discount floor 10.0%, growth cap 2.0%, normalization mean, DCF enabled, sector model enabled",FCFE proxy (operating cash flow less capex); no net-debt subtraction,generic,516013000.0,
RL,Ralph Lauren Corporation,Consumer Cyclical,362.2900085449219,110.01977704034297,-2.292953487917671,-229.3%,Overvalued,88.01582163227438,3.116191859897089,WAIT,8,6.10,10.7%,28.6%,3.1%,11.001977704034298,122.2441967114922,110.01977704034297,N/A,24.6x,1.10,4,2026-06-30,Yahoo Finance via yfinance,SEC-CIK:1037038,RL,https://finance.yahoo.com/quote/RL,,"generic: PE cap 10.0x, discount floor 10.0%, growth cap 2.0%, normalization mean, DCF enabled, sector model enabled",FCFE proxy (operating cash flow less capex); no net-debt subtraction,generic,842275000.0,
XYL,Xylem Inc.,Industrials,101.90499877929688,30.752042014596007,-2.313763643107965,-231.4%,Overvalued,24.601633611676807,3.1422045538849566,WAIT,7,3.62,10.0%,9.2%,2.7%,3.075204201459601,34.168935571773346,30.752042014596007,N/A,61.7x,0.29,4,2026-06-30,Yahoo Finance via yfinance,SEC-CIK:1524472,XYL,https://finance.yahoo.com/quote/XYL,,"generic: PE cap 10.0x, discount floor 10.0%, growth cap 2.0%, normalization mean, DCF enabled, sector model enabled",FCFE proxy (operating cash flow less capex); no net-debt subtraction,generic,931500000.0,
TJX,"The TJX Companies, Inc.",Consumer Cyclical,133.00999450683594,39.89856457839154,-2.3337037538155476,-233.4%,Overvalued,31.918851662713237,3.1671296922694343,WAIT,7,6.28,10.0%,33.0%,2.6%,3.9898564578391547,44.33173842043505,39.89856457839154,46.53736081285283,105.5x,1.34,4,2026-07-31,Yahoo Finance via yfinance,SEC-CIK:109198,TJX,https://finance.yahoo.com/quote/TJX,,"generic: PE cap 10.0x, discount floor 10.0%, growth cap 2.0%, normalization mean, DCF enabled, sector model enabled",FCFE proxy (operating cash flow less capex); no net-debt subtraction,generic,5226250000.0,
SPGI,S&P Global Inc.,Financial Services,383.489990234375,114.68987888116482,-2.343712574949405,-234.4%,Overvalued,91.75190310493186,3.1796407186867564,WAIT,7,N/A,11.0%,12.3%,3.4%,12.74331987568498,141.59244306316646,114.68987888116482,N/A,21.2x,0.50,4,2026-06-30,Yahoo Finance via yfinance,SEC-CIK:64040,SPGI,https://finance.yahoo.com/quote/SPGI,2022-12-31: unusual items are 55% of continuing net income,"financial_other: PE cap 9.0x, discount floor 11.0%, growth cap 0.0%, normalization mean, DCF disabled, sector model enabled",FCFE proxy (operating cash flow less capex); no net-debt subtraction,financial_other,4138000000.0,"Verify sector-specific balance-sheet, regulatory, and transaction-volume risks in the latest filings"
AKAM,"Akamai Technologies, Inc.",Technology,109.8499984741211,32.833468084963336,-2.345671501708613,-234.6%,Overvalued,26.26677446797067,3.182089377135766,WAIT,5,2.53,10.0%,3.8%,3.4%,3.2833468084963333,36.481631205514816,32.833468084963336,70.62028066434311,15.3x,1.97,4,2026-06-30,Yahoo Finance via yfinance,SEC-CIK:1086222,AKAM,https://finance.yahoo.com/quote/AKAM,,"generic: PE cap 10.0x, discount floor 10.0%, growth cap 2.5%, normalization mean, DCF enabled, sector model enabled",FCFE proxy (operating cash flow less capex); no net-debt subtraction,generic,1117910250.0,
LHX,"L3Harris Technologies, Inc.",Industrials,237.0749969482422,70.55429636843678,-2.360178035228769,-236.0%,Overvalued,56.44343709474943,3.2002225440359617,WAIT,8,2.13,10.0%,6.0%,3.9%,7.055429636843678,78.39366263159643,70.55429636843678,143.5914133517964,4.1x,0.53,4,2026-06-30,Yahoo Finance via yfinance,SEC-CIK:202058,LHX,https://finance.yahoo.com/quote/LHX,,"generic: PE cap 10.0x, discount floor 10.0%, growth cap 2.0%, normalization mean, DCF enabled, sector model enabled",FCFE proxy (operating cash flow less capex); no net-debt subtraction,generic,2296250000.0,
JBHT,"J.B. Hunt Transport Services, Inc.",Industrials,234.2949981689453,69.65125627619118,-2.3638301833334503,-236.4%,Overvalued,55.721005020952944,3.204787729166813,WAIT,8,6.27,11.4%,15.7%,1.8%,6.965125627619118,77.39028475132353,69.65125627619118,N/A,13.7x,0.31,4,2026-06-30,Yahoo Finance via yfinance,SEC-CIK:728535,JBHT,https://finance.yahoo.com/quote/JBHT,,"generic: PE cap 10.0x, discount floor 10.0%, growth cap 2.0%, normalization mean, DCF enabled, sector model enabled",FCFE proxy (operating cash flow less capex); no net-debt subtraction,generic,1341639500.0,
KO,The Coca-Cola Company,Consumer Defensive,85.76000213623047,25.444703244777568,-2.370446151846255,-237.0%,Overvalued,20.355762595822057,3.213057689807818,WAIT,6,5.28,9.0%,19.9%,1.9%,2.5444703244777567,28.271892494197296,25.444703244777568,N/A,10.2x,1.20,4,2026-06-30,Yahoo Finance via yfinance,SEC-CIK:21344,KO,https://finance.yahoo.com/quote/KO,,"generic: PE cap 10.0x, discount floor 9.0%, growth cap 3.0%, normalization mean, DCF enabled, sector model enabled",FCFE proxy (operating cash flow less capex); no net-debt subtraction,generic,11480000000.0,
GWW,"W.W. Grainger, Inc.",Industrials,1283.3800048828125,369.52023266857395,-2.473098064521646,-247.3%,Overvalued,295.61618613485916,3.3413725806520573,WAIT,6,13.35,10.1%,34.2%,2.2%,36.952023266857395,410.5780362984155,369.52023266857395,372.5281443962217,33.9x,0.68,4,2026-06-30,Yahoo Finance via yfinance,SEC-CIK:277135,GWW,https://finance.yahoo.com/quote/GWW,,"generic: PE cap 10.0x, discount floor 10.0%, growth cap 2.0%, normalization mean, DCF enabled, sector model enabled",FCFE proxy (operating cash flow less capex); no net-debt subtraction,generic,1908000000.0,
TRV,"The Travelers Companies, Inc.",Financial Services,361.2250061035156,103.90209073468228,-2.4765903510634515,-247.7%,Overvalued,83.12167258774582,3.345737938829314,WAIT,N/A,N/A,11.0%,N/A,N/A,13.145338507792292,103.90209073468228,105.16270806233834,N/A,N/A,0.27,4,2026-06-30,Yahoo Finance via yfinance,SEC-CIK:86312,TRV,https://finance.yahoo.com/quote/TRV,,"insurance: PE cap 9.0x, discount floor 11.0%, growth cap 0.0%, normalization mean, DCF disabled, sector model enabled",Tangible-book/normalized-earnings cross-check; verify regulatory capital,insurance,3680250000.0,"Verify risk-based capital, reserve adequacy, underwriting results, and investment portfolio risk in the latest statutory and SEC filings"
HUBB,Hubbell Incorporated,Industrials,476.20001220703125,136.96204842576438,-2.476875657749375,-247.7%,Overvalued,109.56963874061151,3.3460945721867184,WAIT,5,5.53,10.0%,10.9%,2.4%,13.696204842576439,152.18005380640489,136.96204842576438,172.02922121690486,12.9x,1.42,4,2026-06-30,Yahoo Finance via yfinance,SEC-CIK:48898,HUBB,https://finance.yahoo.com/quote/HUBB,,"generic: PE cap 10.0x, discount floor 10.0%, growth cap 2.0%, normalization mean, DCF enabled, sector model enabled",FCFE proxy (operating cash flow less capex); no net-debt subtraction,generic,847725000.0,
TDY,Teledyne Technologies Incorporated,Technology,619.3200073242188,177.96599937585074,-2.47999061335453,-248.0%,Overvalued,142.3727995006806,3.349988266693163,WAIT,7,5.03,10.0%,7.8%,2.7%,17.796599937585075,197.73999930650083,177.96599937585074,N/A,20.8x,0.19,4,2026-06-30,Yahoo Finance via yfinance,SEC-CIK:1094285,TDY,https://finance.yahoo.com/quote/TDY,,"generic: PE cap 10.0x, discount floor 10.0%, growth cap 2.5%, normalization mean, DCF enabled, sector model enabled",FCFE proxy (operating cash flow less capex); no net-debt subtraction,generic,1127025000.0,
RSG,"Republic Services, Inc.",Industrials,209.94500732421875,58.756638058662,-2.573128318107852,-257.3%,Overvalued,47.0053104469296,3.466410397634815,WAIT,6,2.94,10.0%,10.2%,2.6%,5.8756638058662,65.28515339851333,58.756638058662,85.55208333333331,5.7x,1.19,4,2026-06-30,Yahoo Finance via yfinance,SEC-CIK:1060391,RSG,https://finance.yahoo.com/quote/RSG,,"generic: PE cap 10.0x, discount floor 10.0%, growth cap 2.0%, normalization mean, DCF enabled, sector model enabled",FCFE proxy (operating cash flow less capex); no net-debt subtraction,generic,3229750000.0,
BSX,Boston Scientific Corporation,Healthcare,42.814998626708984,11.87516623766854,-2.6054230963856293,-260.5%,Overvalued,9.500132990134832,3.5067788704820364,WAIT,8,3.00,9.5%,9.4%,2.8%,1.187516623766854,13.194629152965044,11.87516623766854,N/A,12.1x,0.51,4,2026-06-30,Yahoo Finance via yfinance,SEC-CIK:885725,BSX,https://finance.yahoo.com/quote/BSX,,"generic: PE cap 10.0x, discount floor 9.5%, growth cap 2.0%, normalization mean, DCF enabled, sector model enabled",FCFE proxy (operating cash flow less capex); no net-debt subtraction,generic,2519000000.0,
WTW,Willis Towers Watson Public Limited Company,Financial Services,288.3399963378906,78.67782009888003,-2.664819335049105,-266.5%,Overvalued,62.94225607910403,3.581024168811381,WAIT,6,N/A,11.0%,14.3%,3.5%,8.741980010986671,97.13311123318523,78.67782009888003,N/A,8.3x,0.92,4,2026-06-30,Yahoo Finance via yfinance,SEC-CIK:1140536,WTW,https://finance.yahoo.com/quote/WTW,,"financial_other: PE cap 9.0x, discount floor 11.0%, growth cap 0.0%, normalization mean, DCF disabled, sector model enabled",FCFE proxy (operating cash flow less capex); no net-debt subtraction,financial_other,1259500000.0,"Verify sector-specific balance-sheet, regulatory, and transaction-volume risks in the latest filings"
CMI,Cummins Inc.,Industrials,529.1099853515625,141.82232910999795,-2.730794640533528,-273.1%,Overvalued,113.45786328799836,3.66349330066691,WAIT,5,4.68,10.6%,17.8%,2.1%,14.182232910999796,157.58036567777552,141.82232910999795,N/A,12.0x,0.64,4,2026-06-30,Yahoo Finance via yfinance,SEC-CIK:26172,CMI,https://finance.yahoo.com/quote/CMI,2024-12-31: unusual items are 32% of continuing net income,"generic: PE cap 10.0x, discount floor 10.0%, growth cap 2.0%, normalization mean, DCF enabled, sector model enabled",FCFE proxy (operating cash flow less capex); no net-debt subtraction,generic,2641000000.0,
ODFL,"Old Dominion Freight Line, Inc.",Industrials,180.88499450683594,48.24915115180395,-2.748977757924203,-274.9%,Overvalued,38.599320921443166,3.686222197405253,WAIT,6,22.44,11.1%,26.7%,2.4%,5.508913263569172,61.210147372990804,55.089132635691726,48.24915115180395,2183.6x,0.00,4,2026-06-30,Yahoo Finance via yfinance,SEC-CIK:878927,ODFL,https://finance.yahoo.com/quote/ODFL,,"generic: PE cap 10.0x, discount floor 10.0%, growth cap 2.0%, normalization mean, DCF enabled, sector model enabled",FCFE proxy (operating cash flow less capex); no net-debt subtraction,generic,1493270500.0,
ICE,"Intercontinental Exchange, Inc.",Financial Services,150.21499633789062,39.84913996963559,-2.7695919272624723,-277.0%,Overvalued,31.87931197570847,3.7119899090780897,WAIT,8,N/A,11.0%,9.2%,3.4%,4.427682218848399,49.196469098315546,39.84913996963559,N/A,6.9x,0.69,4,2026-06-30,Yahoo Finance via yfinance,SEC-CIK:1571949,ICE,https://finance.yahoo.com/quote/ICE,,"financial_other: PE cap 9.0x, discount floor 11.0%, growth cap 0.0%, normalization mean, DCF disabled, sector model enabled",FCFE proxy (operating cash flow less capex); no net-debt subtraction,financial_other,3306500000.0,"Verify sector-specific balance-sheet, regulatory, and transaction-volume risks in the latest filings"
A,"Agilent Technologies, Inc.",Healthcare,167.66000366210938,43.42668069588851,-2.860760273994021,-286.1%,Overvalued,34.74134455671081,3.825950342492526,WAIT,5,6.07,10.8%,13.6%,2.5%,4.342668069588851,48.25186743987612,43.42668069588851,51.82376331787774,15.5x,0.54,4,2026-07-31,Yahoo Finance via yfinance,SEC-CIK:1090872,A,https://finance.yahoo.com/quote/A,,"generic: PE cap 10.0x, discount floor 9.5%, growth cap 2.0%, normalization mean, DCF enabled, sector model enabled",FCFE proxy (operating cash flow less capex); no net-debt subtraction,generic,1537250000.0,
CSCO,"Cisco Systems, Inc.",Technology,111.73999786376953,28.8113435533014,-2.8783334646316976,-287.8%,Overvalued,23.04907484264112,3.8479168307896217,WAIT,7,4.22,10.0%,19.9%,3.0%,2.88113435533014,32.01260394811267,28.8113435533014,47.88355296502783,10.9x,0.59,4,2026-07-31,Yahoo Finance via yfinance,SEC-CIK:858877,CSCO,https://finance.yahoo.com/quote/CSCO,,"generic: PE cap 10.0x, discount floor 10.0%, growth cap 2.5%, normalization mean, DCF enabled, sector model enabled",FCFE proxy (operating cash flow less capex); no net-debt subtraction,generic,12950000000.0,
TMO,Thermo Fisher Scientific Inc.,Healthcare,653.5050048828125,168.35409729026296,-2.8817291375813103,-288.2%,Overvalued,134.68327783221036,3.8521614219766382,WAIT,5,4.11,9.5%,7.3%,2.4%,16.835409729026296,187.06010810029218,168.35409729026296,251.9374814288698,5.8x,0.81,4,2026-06-30,Yahoo Finance via yfinance,SEC-CIK:97745,TMO,https://finance.yahoo.com/quote/TMO,,"generic: PE cap 10.0x, discount floor 9.5%, growth cap 2.0%, normalization mean, DCF enabled, sector model enabled",FCFE proxy (operating cash flow less capex); no net-debt subtraction,generic,9432500000.0,
LH,Labcorp Holdings Inc.,Healthcare,307.0400085449219,78.89369501576087,-2.891819346065404,-289.2%,Overvalued,63.1149560126087,3.8647741825817543,WAIT,8,3.32,9.5%,8.4%,3.7%,7.889369501576087,87.65966112862318,78.89369501576087,197.63708281829423,7.2x,0.79,4,2026-06-30,Yahoo Finance via yfinance,SEC-CIK:920148,LH,https://finance.yahoo.com/quote/LH,,"generic: PE cap 10.0x, discount floor 9.5%, growth cap 2.0%, normalization mean, DCF enabled, sector model enabled",FCFE proxy (operating cash flow less capex); no net-debt subtraction,generic,1290950000.0,
NDSN,Nordson Corporation,Industrials,333.4599914550781,84.7251465207691,-2.9357853618268503,-293.6%,Overvalued,67.78011721661528,3.919731702283563,WAIT,7,5.98,10.0%,12.7%,2.7%,8.47251465207691,94.13905168974345,84.7251465207691,123.78959997901984,8.8x,0.56,4,2026-07-31,Yahoo Finance via yfinance,SEC-CIK:72331,NDSN,https://finance.yahoo.com/quote/NDSN,,"generic: PE cap 10.0x, discount floor 10.0%, growth cap 2.0%, normalization mean, DCF enabled, sector model enabled",FCFE proxy (operating cash flow less capex); no net-debt subtraction,generic,603816000.0,
NFLX,"Netflix, Inc.",Communication Services,67.1449966430664,16.774243226655877,-3.0028629450398445,-300.3%,Overvalued,13.419394581324703,4.003578681299805,WAIT,7,8.56,12.5%,32.1%,2.2%,1.6774243226655878,18.638048029617643,16.774243226655877,N/A,16.9x,0.47,4,2026-06-30,Yahoo Finance via yfinance,SEC-CIK:1065280,NFLX,https://finance.yahoo.com/quote/NFLX,,"generic: PE cap 10.0x, discount floor 9.5%, growth cap 2.0%, normalization mean, DCF enabled, sector model enabled",FCFE proxy (operating cash flow less capex); no net-debt subtraction,generic,19685465000.0,
ROST,"Ross Stores, Inc.",Consumer Cyclical,228.91000366210938,57.159680384357316,-3.0047460399158274,-300.5%,Overvalued,45.72774430748586,4.005932549894784,WAIT,6,7.53,10.0%,37.0%,2.2%,5.715968038435731,63.51075598261924,57.159680384357316,N/A,106.2x,0.70,4,2026-07-31,Yahoo Finance via yfinance,SEC-CIK:745732,ROST,https://finance.yahoo.com/quote/ROST,,"generic: PE cap 10.0x, discount floor 10.0%, growth cap 2.0%, normalization mean, DCF enabled, sector model enabled",FCFE proxy (operating cash flow less capex); no net-debt subtraction,generic,2197138000.0,
NTAP,"NetApp, Inc.",Technology,226.97000122070312,56.10729231730693,-3.0452852356001445,-304.5%,Overvalued,44.88583385384555,4.0566065445001795,WAIT,8,4.30,12.0%,335.5%,3.2%,5.6107292317306925,62.34143590811881,56.10729231730693,N/A,17.7x,1.69,4,2026-07-31,Yahoo Finance via yfinance,SEC-CIK:1002047,NTAP,https://finance.yahoo.com/quote/NTAP,,"generic: PE cap 10.0x, discount floor 10.0%, growth cap 2.5%, normalization mean, DCF enabled, sector model enabled",FCFE proxy (operating cash flow less capex); no net-debt subtraction,generic,1382000000.0,
META,"Meta Platforms, Inc.",Communication Services,726.9299926757812,177.0054060738802,-3.1068236773082982,-310.7%,Overvalued,141.60432485910417,4.1335295966353724,WAIT,5,9.48,10.9%,24.2%,2.2%,17.70054060738802,196.67267341542245,177.0054060738802,N/A,42.9x,0.43,4,2026-06-30,Yahoo Finance via yfinance,SEC-CIK:1326801,META,https://finance.yahoo.com/quote/META,,"generic: PE cap 10.0x, discount floor 9.5%, growth cap 2.0%, normalization mean, DCF enabled, sector model enabled",FCFE proxy (operating cash flow less capex); no net-debt subtraction,generic,45678500000.0,
MCHP,Microchip Technology Incorporated,Technology,81.79000091552734,19.789823978560136,-3.132932208196336,-313.3%,Overvalued,15.83185918284811,4.16616526024542,WAIT,6,4.46,12.8%,5.7%,3.7%,1.9789823978560137,21.988693309511266,19.789823978560136,N/A,4.0x,0.84,4,2026-06-30,Yahoo Finance via yfinance,SEC-CIK:827054,MCHP,https://finance.yahoo.com/quote/MCHP,,"generic: PE cap 10.0x, discount floor 10.0%, growth cap 2.5%, normalization mean, DCF enabled, sector model enabled",FCFE proxy (operating cash flow less capex); no net-debt subtraction,generic,792925000.0,
PTC,PTC Inc.,Technology,143.6199951171875,34.74928377482851,-3.1330346849111788,-313.3%,Overvalued,27.79942701986281,4.166293356138974,WAIT,9,4.79,10.0%,18.9%,3.8%,3.4749283774828514,38.61031530536502,34.74928377482851,N/A,17.3x,0.46,4,2026-06-30,Yahoo Finance via yfinance,SEC-CIK:857005,PTC,https://finance.yahoo.com/quote/PTC,,"generic: PE cap 10.0x, discount floor 10.0%, growth cap 2.5%, normalization mean, DCF enabled, sector model enabled",FCFE proxy (operating cash flow less capex); no net-debt subtraction,generic,422016250.0,
PH,Parker-Hannifin Corporation,Industrials,973.280029296875,234.8976724527294,-3.1434213422984723,-314.3%,Overvalued,187.91813796218355,4.17927667787309,WAIT,8,7.13,10.4%,15.6%,2.5%,23.48976724527294,260.99741383636604,234.8976724527294,307.87736847352517,11.6x,0.55,4,2026-06-30,Yahoo Finance via yfinance,SEC-CIK:76334,PH,https://finance.yahoo.com/quote/PH,,"generic: PE cap 10.0x, discount floor 10.0%, growth cap 2.0%, normalization mean, DCF enabled, sector model enabled",FCFE proxy (operating cash flow less capex); no net-debt subtraction,generic,3563786500.0,
NDAQ,"Nasdaq, Inc.",Financial Services,90.33000183105469,21.033231979039424,-3.294632509215543,-329.5%,Overvalued,16.82658558323154,4.368290636519428,WAIT,9,N/A,11.0%,11.4%,3.0%,2.337025775448825,25.966953060542497,21.033231979039424,N/A,7.9x,0.77,4,2026-06-30,Yahoo Finance via yfinance,SEC-CIK:1120193,NDAQ,https://finance.yahoo.com/quote/NDAQ,,"financial_other: PE cap 9.0x, discount floor 11.0%, growth cap 0.0%, normalization mean, DCF disabled, sector model enabled",FCFE proxy (operating cash flow less capex); no net-debt subtraction,financial_other,1382750000.0,"Verify sector-specific balance-sheet, regulatory, and transaction-volume risks in the latest filings"
TXN,Texas Instruments Incorporated,Technology,294.69000244140625,68.13669502440051,-3.324982336402939,-332.5%,Overvalued,54.50935601952041,4.4062279205036745,WAIT,6,12.52,11.4%,23.3%,1.0%,6.813669502440051,75.70743891600057,68.13669502440051,N/A,13.1x,0.78,4,2026-06-30,Yahoo Finance via yfinance,SEC-CIK:97476,TXN,https://finance.yahoo.com/quote/TXN,,"generic: PE cap 10.0x, discount floor 10.0%, growth cap 2.5%, normalization mean, DCF enabled, sector model enabled",FCFE proxy (operating cash flow less capex); no net-debt subtraction,generic,6817750000.0,
UBER,"Uber Technologies, Inc.",Technology,68.30609893798828,15.70843842542973,-3.348369779863695,-334.8%,Overvalued,12.566750740343785,4.435462224829618,WAIT,6,3.47,10.3%,14.4%,3.4%,1.570843842542973,17.4538204726997,15.70843842542973,N/A,14.5x,0.54,4,2026-06-30,Yahoo Finance via yfinance,SEC-CIK:1543151,UBER,https://finance.yahoo.com/quote/UBER,2023-12-31: unusual items are 72% of continuing net income,"generic: PE cap 10.0x, discount floor 10.0%, growth cap 2.5%, normalization mean, DCF enabled, sector model enabled",FCFE proxy (operating cash flow less capex); no net-debt subtraction,generic,-16000000.0,
PODD,Insulet Corporation,Healthcare,131.5800018310547,29.9150916367257,-3.398448897596509,-339.8%,Overvalued,23.93207330938056,4.498061121995636,WAIT,7,5.24,10.1%,22.2%,1.7%,2.99150916367257,33.238990707473,29.9150916367257,N/A,8.8x,0.67,4,2026-06-30,Yahoo Finance via yfinance,SEC-CIK:1145197,PODD,https://finance.yahoo.com/quote/PODD,,"generic: PE cap 10.0x, discount floor 9.5%, growth cap 2.0%, normalization mean, DCF enabled, sector model enabled",FCFE proxy (operating cash flow less capex); no net-debt subtraction,generic,226275000.0,
AME,"AMETEK, Inc.",Industrials,253.0399932861328,57.519953853805276,-3.399168920219722,-339.9%,Overvalued,46.01596308304423,4.498961150274652,WAIT,6,8.36,10.0%,12.6%,2.5%,5.7519953853805275,63.91105983756142,57.519953853805276,83.15649009612024,21.1x,0.18,4,2026-06-30,Yahoo Finance via yfinance,SEC-CIK:1037868,AME,https://finance.yahoo.com/quote/AME,,"generic: PE cap 10.0x, discount floor 10.0%, growth cap 2.0%, normalization mean, DCF enabled, sector model enabled",FCFE proxy (operating cash flow less capex); no net-debt subtraction,generic,1606006750.0,
IR,Ingersoll Rand Inc.,Industrials,76.3550033569336,17.281491467320414,-3.418310971672912,-341.8%,Overvalued,13.825193173856333,4.522888714591139,WAIT,6,3.25,10.1%,8.5%,3.4%,1.7281491467320413,19.20165718591157,17.281491467320414,36.751294354109774,5.8x,0.47,4,2026-06-30,Yahoo Finance via yfinance,SEC-CIK:1699150,IR,https://finance.yahoo.com/quote/IR,,"generic: PE cap 10.0x, discount floor 10.0%, growth cap 2.0%, normalization mean, DCF enabled, sector model enabled",FCFE proxy (operating cash flow less capex); no net-debt subtraction,generic,1074775000.0,
CBOE,"Cboe Global Markets, Inc.",Financial Services,270.17999267578125,60.94887272070186,-3.4328956486837874,-343.3%,Overvalued,48.75909817656149,4.541119560854734,WAIT,8,N/A,11.0%,29.3%,4.0%,6.772096968966873,75.2455218774097,60.94887272070186,N/A,33.6x,0.28,4,2026-06-30,Yahoo Finance via yfinance,SEC-CIK:1374310,CBOE,https://finance.yahoo.com/quote/CBOE,,"financial_other: PE cap 9.0x, discount floor 11.0%, growth cap 0.0%, normalization mean, DCF disabled, sector model enabled",FCFE proxy (operating cash flow less capex); no net-debt subtraction,financial_other,770800000.0,"Verify sector-specific balance-sheet, regulatory, and transaction-volume risks in the latest filings"
TT,Trane Technologies plc,Industrials,464.375,103.19541438937854,-3.4999577040101126,-350.0%,Overvalued,82.55633151150283,4.62494713001264,WAIT,9,7.16,10.9%,26.4%,2.1%,10.319541438937854,114.66157154375394,103.19541438937854,N/A,18.1x,0.54,4,2026-06-30,Yahoo Finance via yfinance,SEC-CIK:1466258,TT,https://finance.yahoo.com/quote/TT,,"generic: PE cap 10.0x, discount floor 10.0%, growth cap 2.0%, normalization mean, DCF enabled, sector model enabled",FCFE proxy (operating cash flow less capex); no net-debt subtraction,generic,2299025000.0,
MSFT,Microsoft Corporation,Technology,514.8599853515625,114.21961205050802,-3.5076320616803613,-350.8%,Overvalued,91.37568964040642,4.634540077100451,WAIT,6,9.04,10.7%,29.0%,1.8%,13.267861920078614,147.4206880008735,132.67861920078613,114.21961205050802,50.9x,0.13,4,2026-06-30,Yahoo Finance via yfinance,SEC-CIK:789019,MSFT,https://finance.yahoo.com/quote/MSFT,,"generic: PE cap 10.0x, discount floor 10.0%, growth cap 2.5%, normalization mean, DCF enabled, sector model enabled",FCFE proxy (operating cash flow less capex); no net-debt subtraction,generic,103376000000.0,
AJG,Arthur J. Gallagher & Co.,Financial Services,226.3300018310547,49.3179008821635,-3.5892059025754293,-358.9%,Overvalued,39.4543207057308,4.736507378219287,WAIT,6,N/A,11.0%,5.8%,2.6%,5.479766764684833,60.88629738538704,49.3179008821635,N/A,4.2x,0.59,4,2026-06-30,Yahoo Finance via yfinance,SEC-CIK:354190,AJG,https://finance.yahoo.com/quote/AJG,,"financial_other: PE cap 9.0x, discount floor 11.0%, growth cap 0.0%, normalization mean, DCF disabled, sector model enabled",FCFE proxy (operating cash flow less capex); no net-debt subtraction,financial_other,1702100000.0,"Verify sector-specific balance-sheet, regulatory, and transaction-volume risks in the latest filings"
ZBRA,Zebra Technologies Corporation,Technology,378.6499938964844,82.23080835219328,-3.604721776231754,-360.5%,Overvalued,65.78464668175462,4.755902220289692,WAIT,5,4.06,11.9%,12.3%,2.5%,8.223080835219328,91.36756483577031,82.23080835219328,N/A,7.3x,0.86,4,2026-06-30,Yahoo Finance via yfinance,SEC-CIK:877212,ZBRA,https://finance.yahoo.com/quote/ZBRA,,"generic: PE cap 10.0x, discount floor 10.0%, growth cap 2.5%, normalization mean, DCF enabled, sector model enabled",FCFE proxy (operating cash flow less capex); no net-debt subtraction,generic,571000000.0,
EQIX,"Equinix, Inc.",Real Estate,1030.5,220.55112444385887,-3.67238606286187,-367.2%,Overvalued,176.4408995550871,4.840482578577337,WAIT,5,2.59,10.0%,5.0%,0.2%,10.054313665686005,,220.55112444385887,N/A,4.0x,1.62,4,2026-06-30,Yahoo Finance via yfinance,SEC-CIK:1101239,EQIX,https://finance.yahoo.com/quote/EQIX,,"reit: PE cap 10.0x, discount floor 10.0%, growth cap 0.0%, normalization mean, DCF disabled, sector model enabled",Nareit-style FFO proxy with 20% AFFO haircut,reit,2720250000.0,"Replace the calculated FFO proxy with company-reported FFO/AFFO and verify recurring capital expenditure, occupancy, lease expiries, and debt maturities"
MA,Mastercard Incorporated,Financial Services,554.0899047851562,118.05612759779154,-3.6934446865214774,-369.3%,Overvalued,94.44490207823324,4.866805858151847,WAIT,9,N/A,11.0%,88.9%,2.6%,13.117347510865727,145.74830567628587,118.05612759779154,N/A,28.1x,4.39,4,2026-06-30,Yahoo Finance via yfinance,SEC-CIK:1141391,MA,https://finance.yahoo.com/quote/MA,,"financial_other: PE cap 9.0x, discount floor 11.0%, growth cap 0.0%, normalization mean, DCF disabled, sector model enabled",FCFE proxy (operating cash flow less capex); no net-debt subtraction,financial_other,11665500000.0,"Verify sector-specific balance-sheet, regulatory, and transaction-volume risks in the latest filings"
CTAS,Cintas Corporation,Industrials,192.6699981689453,41.00423525418111,-3.6987828690037374,-369.9%,Overvalued,32.80338820334489,4.873478586254672,WAIT,8,12.33,10.0%,27.4%,2.1%,4.100423525418111,45.56026139353457,41.00423525418111,52.194825589096,24.7x,0.53,4,2026-05-31,Yahoo Finance via yfinance,SEC-CIK:723254,CTAS,https://finance.yahoo.com/quote/CTAS,,"generic: PE cap 10.0x, discount floor 10.0%, growth cap 2.0%, normalization mean, DCF enabled, sector model enabled",FCFE proxy (operating cash flow less capex); no net-debt subtraction,generic,1957373250.0,
IVZ,Invesco Ltd.,Financial Services,30.780000686645508,6.536573051756894,-3.7088895730114255,-370.9%,Overvalued,5.229258441405515,4.886111966264281,WAIT,6,N/A,11.0%,-1.9%,5.0%,0.7262858946396549,8.069843273773943,6.536573051756894,N/A,-5.1x,0.74,4,2026-06-30,Yahoo Finance via yfinance,SEC-CIK:914208,IVZ,https://finance.yahoo.com/quote/IVZ,,"financial_other: PE cap 9.0x, discount floor 11.0%, growth cap 0.0%, normalization mean, DCF disabled, sector model enabled",FCFE proxy (operating cash flow less capex); no net-debt subtraction,financial_other,-255775000.0,"Verify sector-specific balance-sheet, regulatory, and transaction-volume risks in the latest filings"
MCO,Moody's Corporation,Financial Services,439.67999267578125,92.55024649937018,-3.750716603210488,-375.1%,Overvalued,74.04019719949615,4.93839575401311,WAIT,8,N/A,11.1%,32.8%,2.5%,10.283360722152242,114.25956357946936,92.55024649937018,N/A,14.1x,2.49,4,2026-06-30,Yahoo Finance via yfinance,SEC-CIK:1059556,MCO,https://finance.yahoo.com/quote/MCO,,"financial_other: PE cap 9.0x, discount floor 11.0%, growth cap 0.0%, normalization mean, DCF disabled, sector model enabled",FCFE proxy (operating cash flow less capex); no net-debt subtraction,financial_other,1911250000.0,"Verify sector-specific balance-sheet, regulatory, and transaction-volume risks in the latest filings"
WMT,Walmart Inc.,Consumer Defensive,104.14749908447266,21.63408799917456,-3.814046198224134,-381.4%,Overvalued,17.30727039933965,5.017557747780168,WAIT,7,6.09,9.0%,15.9%,1.5%,2.1634087999174563,24.037875554638404,21.63408799917456,29.551545580458324,13.7x,0.75,4,2026-07-31,Yahoo Finance via yfinance,SEC-CIK:104169,WMT,https://finance.yahoo.com/quote/WMT,,"generic: PE cap 10.0x, discount floor 9.0%, growth cap 3.0%, normalization mean, DCF enabled, sector model enabled",FCFE proxy (operating cash flow less capex); no net-debt subtraction,generic,26179250000.0,
VMC,Vulcan Materials Company,Basic Materials,243.43299865722656,50.4128148661355,-3.828792030431754,-382.9%,Overvalued,40.3302518929084,5.035990038039693,WAIT,9,3.70,11.0%,9.7%,1.7%,6.301601858266937,70.01779842518819,50.4128148661355,N/A,7.0x,0.58,4,2026-06-30,Yahoo Finance via yfinance,SEC-CIK:1396009,VMC,https://finance.yahoo.com/quote/VMC,,"generic: PE cap 8.0x, discount floor 11.0%, growth cap 0.0%, normalization lower_quartile, DCF enabled, sector model enabled",FCFE proxy (operating cash flow less capex); no net-debt subtraction,generic,1379500000.0,
GNRC,Generac Holdings Inc.,Industrials,217.13999938964844,44.48579680490266,-3.8811084657410926,-388.1%,Overvalued,35.58863744392213,5.101385582176365,WAIT,6,4.65,13.6%,8.1%,2.2%,4.448579680490266,49.42866311655852,44.48579680490266,N/A,6.2x,0.53,4,2026-06-30,Yahoo Finance via yfinance,SEC-CIK:1474735,GNRC,https://finance.yahoo.com/quote/GNRC,,"generic: PE cap 10.0x, discount floor 10.0%, growth cap 2.0%, normalization mean, DCF enabled, sector model enabled",FCFE proxy (operating cash flow less capex); no net-debt subtraction,generic,365865500.0,
RTX,RTX Corporation,Industrials,185.2050018310547,37.1712215463762,-3.982483602267039,-398.2%,Overvalued,29.736977237100962,5.228104502833799,WAIT,8,2.64,10.0%,8.5%,1.8%,3.7171221546376203,41.301357273751336,37.1712215463762,N/A,6.2x,0.59,4,2026-06-30,Yahoo Finance via yfinance,SEC-CIK:101829,RTX,https://finance.yahoo.com/quote/RTX,2024-12-31: unusual items are 30% of continuing net income,"generic: PE cap 10.0x, discount floor 10.0%, growth cap 2.0%, normalization mean, DCF enabled, sector model enabled",FCFE proxy (operating cash flow less capex); no net-debt subtraction,generic,8705000000.0,
IDXX,"IDEXX Laboratories, Inc.",Healthcare,521.125,104.57766068398979,-3.9831388136967676,-398.3%,Overvalued,83.66212854719184,5.228923517120959,WAIT,8,19.60,12.7%,45.9%,1.8%,10.457766068398978,116.19740075998865,104.57766068398979,N/A,38.6x,0.68,4,2026-06-30,Yahoo Finance via yfinance,SEC-CIK:874716,IDXX,https://finance.yahoo.com/quote/IDXX,,"generic: PE cap 10.0x, discount floor 9.5%, growth cap 2.0%, normalization mean, DCF enabled, sector model enabled",FCFE proxy (operating cash flow less capex); no net-debt subtraction,generic,917709750.0,
FAST,Fastenal Company,Industrials,50.875,10.11928844441255,-4.027527407630233,-402.8%,Overvalued,8.09543075553004,5.2844092595377905,WAIT,7,36.08,10.0%,32.6%,1.7%,1.011928844441255,11.243653827125057,10.11928844441255,11.17922107708036,394.5x,0.11,4,2026-06-30,Yahoo Finance via yfinance,SEC-CIK:815556,FAST,https://finance.yahoo.com/quote/FAST,,"generic: PE cap 10.0x, discount floor 10.0%, growth cap 2.0%, normalization mean, DCF enabled, sector model enabled",FCFE proxy (operating cash flow less capex); no net-debt subtraction,generic,1307800000.0,
LIN,Linde plc,Basic Materials,479.6199951171875,94.27052936971299,-4.087698120758391,-408.8%,Overvalued,75.41642349577039,5.359622650947989,WAIT,5,3.82,11.0%,12.2%,2.1%,11.783816171214124,130.93129079126805,94.27052936971299,99.55565445487899,20.9x,0.72,4,2026-06-30,Yahoo Finance via yfinance,SEC-CIK:1707925,LIN,https://finance.yahoo.com/quote/LIN,,"generic: PE cap 8.0x, discount floor 11.0%, growth cap 0.0%, normalization lower_quartile, DCF enabled, sector model enabled",FCFE proxy (operating cash flow less capex); no net-debt subtraction,generic,9599000000.0,
ETN,Eaton Corporation plc,Industrials,437.69000244140625,85.38731902880596,-4.125936818484121,-412.6%,Overvalued,68.30985522304478,5.40742102310515,WAIT,7,6.22,10.1%,10.3%,1.6%,8.538731902880595,94.87479892089551,85.38731902880596,96.709680307804,12.0x,1.05,4,2026-06-30,Yahoo Finance via yfinance,SEC-CIK:1551182,ETN,https://finance.yahoo.com/quote/ETN,,"generic: PE cap 10.0x, discount floor 10.0%, growth cap 2.0%, normalization mean, DCF enabled, sector model enabled",FCFE proxy (operating cash flow less capex); no net-debt subtraction,generic,3962000000.0,
V,Visa Inc.,Financial Services,360.94000244140625,67.7451139069376,-4.327911957417837,-432.8%,Overvalued,54.19609112555008,5.659889946772296,WAIT,6,N/A,11.0%,51.0%,2.8%,7.527234878548622,83.6359430949847,67.7451139069376,N/A,37.6x,0.68,4,2026-06-30,Yahoo Finance via yfinance,SEC-CIK:1403161,V,https://finance.yahoo.com/quote/V,,"financial_other: PE cap 9.0x, discount floor 11.0%, growth cap 0.0%, normalization mean, DCF disabled, sector model enabled",FCFE proxy (operating cash flow less capex); no net-debt subtraction,financial_other,17321750000.0,"Verify sector-specific balance-sheet, regulatory, and transaction-volume risks in the latest filings"
BKR,Baker Hughes Company,Energy,56.029998779296875,10.474094259860951,-4.349388442494378,-434.9%,Overvalued,8.37927540788876,5.686735553117972,WAIT,6,2.53,11.0%,13.9%,2.9%,1.309261782482619,14.547353138695767,10.474094259860951,N/A,13.4x,0.82,4,2026-06-30,Yahoo Finance via yfinance,SEC-CIK:1701605,BKR,https://finance.yahoo.com/quote/BKR,,"generic: PE cap 8.0x, discount floor 11.0%, growth cap 0.0%, normalization lower_quartile, DCF enabled, sector model enabled",FCFE proxy (operating cash flow less capex); no net-debt subtraction,generic,2387500000.0,
ROK,"Rockwell Automation, Inc.",Industrials,454.2749938964844,84.58261772968974,-4.37078428275018,-437.1%,Overvalued,67.6660941837518,5.713480353437725,WAIT,7,6.03,12.2%,21.1%,1.8%,8.458261772968974,93.98068636632195,84.58261772968974,N/A,12.8x,1.03,4,2026-06-30,Yahoo Finance via yfinance,SEC-CIK:1024478,ROK,https://finance.yahoo.com/quote/ROK,,"generic: PE cap 10.0x, discount floor 10.0%, growth cap 2.0%, normalization mean, DCF enabled, sector model enabled",FCFE proxy (operating cash flow less capex); no net-debt subtraction,generic,1195950000.0,
GOOG,Alphabet Inc.,Communication Services,339.81500244140625,62.838819642563614,-4.4077241484535135,-440.8%,Overvalued,50.271055714050895,5.759655185566892,WAIT,6,N/A,11.1%,22.8%,1.7%,7.302161839621105,81.13513155134561,73.02161839621105,62.838819642563614,65.6x,0.18,4,2026-06-30,Yahoo Finance via yfinance,SEC-CIK:1652044,GOOG,https://finance.yahoo.com/quote/GOOG,,"generic: PE cap 10.0x, discount floor 9.5%, growth cap 2.0%, normalization mean, DCF enabled, sector model enabled",FCFE proxy (operating cash flow less capex); no net-debt subtraction,generic,82667500000.0,
EBAY,eBay Inc.,Consumer Cyclical,107.0999984741211,19.786316531535775,-4.4128315547476085,-441.3%,Overvalued,15.82905322522862,5.766039443434511,WAIT,5,6.46,10.8%,22.9%,3.5%,1.9786316531535775,21.984796146150863,19.786316531535775,46.79994046425224,9.9x,1.53,4,2026-06-30,Yahoo Finance via yfinance,SEC-CIK:1065088,EBAY,https://finance.yahoo.com/quote/EBAY,2023-12-31: unusual items are 66% of continuing net income,"generic: PE cap 10.0x, discount floor 10.0%, growth cap 2.0%, normalization mean, DCF enabled, sector model enabled",FCFE proxy (operating cash flow less capex); no net-debt subtraction,generic,1517500000.0,
GOOGL,Alphabet Inc.,Communication Services,343.0400085449219,62.82254450691634,-4.460460273256768,-446.0%,Overvalued,50.258035605533074,5.825575341570961,WAIT,6,N/A,11.1%,22.8%,1.7%,7.302161839621105,81.13513155134561,73.02161839621105,62.82254450691634,65.6x,0.18,4,2026-06-30,Yahoo Finance via yfinance,SEC-CIK:1652044,GOOGL,https://finance.yahoo.com/quote/GOOGL,,"generic: PE cap 10.0x, discount floor 9.5%, growth cap 2.0%, normalization mean, DCF enabled, sector model enabled",FCFE proxy (operating cash flow less capex); no net-debt subtraction,generic,82667500000.0,
WAB,Westinghouse Air Brake Technologies Corporation,Industrials,288.8399963378906,52.80217288331278,-4.470229359238615,-447.0%,Overvalued,42.24173830665023,5.837786699048268,WAIT,5,3.77,10.0%,9.1%,2.3%,5.2802172883312775,58.66908098145864,52.80217288331278,94.81445890005911,6.9x,0.59,4,2026-06-30,Yahoo Finance via yfinance,SEC-CIK:943452,WAB,https://finance.yahoo.com/quote/WAB,,"generic: PE cap 10.0x, discount floor 10.0%, growth cap 2.0%, normalization mean, DCF enabled, sector model enabled",FCFE proxy (operating cash flow less capex); no net-debt subtraction,generic,1239750000.0,
WST,"West Pharmaceutical Services, Inc.",Healthcare,365.8900146484375,65.56782533886356,-4.580328655975205,-458.0%,Overvalued,52.454260271090845,5.975410819969007,WAIT,7,17.20,10.8%,19.9%,1.6%,7.271540361627768,80.79489290697519,72.71540361627768,65.56782533886356,160.6x,0.10,4,2026-06-30,Yahoo Finance via yfinance,SEC-CIK:105770,WST,https://finance.yahoo.com/quote/WST,,"generic: PE cap 10.0x, discount floor 9.5%, growth cap 2.0%, normalization mean, DCF enabled, sector model enabled",FCFE proxy (operating cash flow less capex); no net-debt subtraction,generic,660850000.0,
KHC,The Kraft Heinz Company,Consumer Defensive,22.205299377441406,3.888096678097515,-4.711097540997022,-471.1%,Overvalued,3.110477342478012,6.138871926246276,WAIT,5,0.81,9.0%,6.4%,6.6%,0.3888096678097515,4.32010742010835,3.888096678097515,40.51753091624507,4.5x,0.53,4,2026-06-30,Yahoo Finance via yfinance,SEC-CIK:1637459,KHC,https://finance.yahoo.com/quote/KHC,,"generic: PE cap 10.0x, discount floor 9.0%, growth cap 3.0%, normalization mean, DCF enabled, sector model enabled",FCFE proxy (operating cash flow less capex); no net-debt subtraction,generic,1252500000.0,
VLO,Valero Energy Corporation,Energy,407.30499267578125,70.54963918872741,-4.773310783152261,-477.3%,Overvalued,56.43971135098193,6.216638478940325,WAIT,6,6.27,11.0%,27.8%,4.6%,8.818704898590926,97.98560998434363,70.54963918872741,N/A,17.8x,0.45,4,2026-06-30,Yahoo Finance via yfinance,SEC-CIK:1035002,VLO,https://finance.yahoo.com/quote/VLO,,"generic: PE cap 8.0x, discount floor 11.0%, growth cap 0.0%, normalization lower_quartile, DCF enabled, sector model enabled",FCFE proxy (operating cash flow less capex); no net-debt subtraction,generic,5526750000.0,
COST,Costco Wholesale Corporation,Consumer Defensive,918.7000122070312,155.57060997777336,-4.905357138718474,-490.5%,Overvalued,124.45648798221869,6.3816964233980915,WAIT,6,9.58,9.4%,41.0%,1.6%,15.557060997777334,172.85623330863706,155.57060997777336,224.45544783335663,76.9x,0.24,4,2026-05-31,Yahoo Finance via yfinance,SEC-CIK:909832,COST,https://finance.yahoo.com/quote/COST,,"generic: PE cap 10.0x, discount floor 9.0%, growth cap 3.0%, normalization mean, DCF enabled, sector model enabled",FCFE proxy (operating cash flow less capex); no net-debt subtraction,generic,8212750000.0,
DXCM,"DexCom, Inc.",Healthcare,85.20999908447266,13.823281907996495,-5.164237961115469,-516.4%,Overvalued,11.058625526397197,6.705297451394335,WAIT,7,7.59,11.9%,43.4%,2.0%,1.3823281907996496,15.359202119996107,13.823281907996495,N/A,75.9x,0.53,4,2026-06-30,Yahoo Finance via yfinance,SEC-CIK:1093557,DXCM,https://finance.yahoo.com/quote/DXCM,,"generic: PE cap 10.0x, discount floor 9.5%, growth cap 2.0%, normalization mean, DCF enabled, sector model enabled",FCFE proxy (operating cash flow less capex); no net-debt subtraction,generic,669900000.0,
AMZN,"Amazon.com, Inc.",Consumer Cyclical,250.77000427246094,38.331900203731585,-5.542070780202247,-554.2%,Overvalued,30.66552016298527,7.177588475252807,WAIT,6,5.63,11.7%,12.4%,0.5%,3.833190020373159,42.591000226368436,38.331900203731585,N/A,35.2x,0.47,4,2026-03-31,Yahoo Finance via yfinance,SEC-CIK:1018724,AMZN,https://finance.yahoo.com/quote/AMZN,,"generic: PE cap 10.0x, discount floor 10.0%, growth cap 2.0%, normalization mean, DCF enabled, sector model enabled",FCFE proxy (operating cash flow less capex); no net-debt subtraction,generic,69115750000.0,
TECH,Bio-Techne Corporation,Healthcare,72.41500091552734,11.06754366158923,-5.543005668624487,-554.3%,Overvalued,8.854034929271384,7.1787570857806084,WAIT,7,15.95,11.4%,10.1%,2.1%,1.106754366158923,12.297270735099145,11.06754366158923,16.842475171837783,28.3x,0.14,4,2026-06-30,Yahoo Finance via yfinance,SEC-CIK:842023,TECH,https://finance.yahoo.com/quote/TECH,,"generic: PE cap 10.0x, discount floor 9.5%, growth cap 2.0%, normalization mean, DCF enabled, sector model enabled",FCFE proxy (operating cash flow less capex); no net-debt subtraction,generic,255215750.0,
AMAT,"Applied Materials, Inc.",Technology,537.7150268554688,77.30091257832888,-5.9561277987579135,-595.6%,Overvalued,61.840730062663106,7.6951597484473915,WAIT,6,20.33,13.1%,31.9%,1.5%,8.205038243549282,91.16709159499203,82.05038243549282,77.30091257832888,25.4x,0.29,4,2026-07-31,Yahoo Finance via yfinance,SEC-CIK:6951,AMAT,https://finance.yahoo.com/quote/AMAT,,"generic: PE cap 10.0x, discount floor 10.0%, growth cap 2.5%, normalization mean, DCF enabled, sector model enabled",FCFE proxy (operating cash flow less capex); no net-debt subtraction,generic,7270500000.0,
CRL,"Charles River Laboratories International, Inc.",Healthcare,288.29998779296875,41.40090626220346,-5.963615384819952,-596.4%,Overvalued,33.12072500976277,7.704519231024941,WAIT,5,3.23,10.6%,6.5%,2.5%,4.1400906262203465,46.00100695800385,41.40090626220346,104.4399419651709,4.4x,1.07,4,2026-06-30,Yahoo Finance via yfinance,SEC-CIK:1100682,CRL,https://finance.yahoo.com/quote/CRL,,"generic: PE cap 10.0x, discount floor 9.5%, growth cap 2.0%, normalization mean, DCF enabled, sector model enabled",FCFE proxy (operating cash flow less capex); no net-debt subtraction,generic,343772000.0,
KEYS,"Keysight Technologies, Inc.",Technology,384.43499755859375,51.96474512452166,-6.397996403857711,-639.8%,Overvalued,41.57179609961733,8.247495504822137,WAIT,5,9.25,11.0%,15.7%,1.7%,5.196474512452166,57.73860569391296,51.96474512452166,77.1116306329154,12.3x,0.42,4,2026-07-31,Yahoo Finance via yfinance,SEC-CIK:1601046,KEYS,https://finance.yahoo.com/quote/KEYS,2025-10-31: unusual items are 23% of continuing net income,"generic: PE cap 10.0x, discount floor 10.0%, growth cap 2.5%, normalization mean, DCF enabled, sector model enabled",FCFE proxy (operating cash flow less capex); no net-debt subtraction,generic,1065500000.0,
ECL,Ecolab Inc.,Basic Materials,274.9212951660156,36.91108610428092,-6.448203891625136,-644.8%,Overvalued,29.528868883424735,8.31025486453142,WAIT,6,4.91,11.0%,12.8%,1.7%,4.613885763035115,51.265397367056835,36.91108610428092,N/A,9.4x,1.38,4,2026-06-30,Yahoo Finance via yfinance,SEC-CIK:31462,ECL,https://finance.yahoo.com/quote/ECL,,"generic: PE cap 8.0x, discount floor 11.0%, growth cap 0.0%, normalization lower_quartile, DCF enabled, sector model enabled",FCFE proxy (operating cash flow less capex); no net-debt subtraction,generic,2229525000.0,
KLAC,KLA Corporation,Technology,206.94500732421875,27.75503359260834,-6.45612526944777,-645.6%,Overvalued,22.204026874086672,8.320156586809711,WAIT,7,16.59,12.3%,58.8%,1.3%,2.785233610408539,30.947040115650434,27.852336104085392,27.75503359260834,19.9x,0.97,4,2026-06-30,Yahoo Finance via yfinance,SEC-CIK:319201,KLAC,https://finance.yahoo.com/quote/KLAC,,"generic: PE cap 10.0x, discount floor 10.0%, growth cap 2.5%, normalization mean, DCF enabled, sector model enabled",FCFE proxy (operating cash flow less capex); no net-debt subtraction,generic,3642699000.0,
EXE,Expand Energy Corporation,Energy,85.69000244140625,11.152297312381537,-6.683618903010346,-668.4%,Overvalued,8.921837849905229,8.604523628762932,WAIT,9,2.36,11.0%,14.1%,1.8%,1.5097053737136,16.774504152373332,11.152297312381537,N/A,18.3x,0.19,4,2026-06-30,Yahoo Finance via yfinance,SEC-CIK:895126,EXE,https://finance.yahoo.com/quote/EXE,2023-12-31: unusual items are 32% of continuing net income,"generic: PE cap 8.0x, discount floor 11.0%, growth cap 0.0%, normalization lower_quartile, DCF enabled, sector model enabled",FCFE proxy (operating cash flow less capex); no net-debt subtraction,generic,3213250000.0,
TSN,"Tyson Foods, Inc.",Consumer Defensive,51.86000061035156,6.337122007521414,-7.183525668087166,-718.4%,Overvalued,5.069697606017131,9.229407085108958,WAIT,6,3.02,9.0%,3.9%,3.2%,0.6337122007521414,7.041246675023793,6.337122007521414,N/A,3.1x,0.44,4,2026-06-30,Yahoo Finance via yfinance,SEC-CIK:100493,TSN,https://finance.yahoo.com/quote/TSN,2022-09-30: eps upside spike 8.95 vs median 2.31,"generic: PE cap 10.0x, discount floor 9.0%, growth cap 3.0%, normalization mean, DCF enabled, sector model enabled",FCFE proxy (operating cash flow less capex); no net-debt subtraction,generic,1468750000.0,
ADI,"Analog Devices, Inc.",Technology,416.739990234375,49.121223235608824,-7.483909047531069,-748.4%,Overvalued,39.296978588487065,9.604886309413834,WAIT,8,9.52,10.9%,9.7%,1.8%,4.912122323560882,54.57913692845425,49.121223235608824,92.25904106235271,14.1x,0.27,4,2026-07-31,Yahoo Finance via yfinance,SEC-CIK:6281,ADI,https://finance.yahoo.com/quote/ADI,,"generic: PE cap 10.0x, discount floor 10.0%, growth cap 2.5%, normalization mean, DCF enabled, sector model enabled",FCFE proxy (operating cash flow less capex); no net-debt subtraction,generic,4134537500.0,
WDAY,"Workday, Inc.",Technology,186.3800048828125,20.76019495167659,-7.977757931303072,-797.8%,Overvalued,16.60815596134127,10.22219741412884,WAIT,8,3.47,10.0%,14.1%,4.5%,2.076019495167659,23.066883279640656,20.76019495167659,N/A,11.0x,0.58,4,2026-07-31,Yahoo Finance via yfinance,SEC-CIK:1327811,WDAY,https://finance.yahoo.com/quote/WDAY,,"generic: PE cap 10.0x, discount floor 10.0%, growth cap 2.5%, normalization mean, DCF enabled, sector model enabled",FCFE proxy (operating cash flow less capex); no net-debt subtraction,generic,638250000.0,
TKO,"TKO Group Holdings, Inc.",Communication Services,175.67999267578125,19.477750772943118,-8.019521541461623,-802.0%,Overvalued,15.582200618354495,10.274401926827029,WAIT,7,3.68,9.5%,10.2%,1.5%,1.9477750772943119,21.641945303270134,19.477750772943118,N/A,4.1x,1.46,4,2026-06-30,Yahoo Finance via yfinance,SEC-CIK:1973266,TKO,https://finance.yahoo.com/quote/TKO,,"generic: PE cap 10.0x, discount floor 9.5%, growth cap 2.0%, normalization mean, DCF enabled, sector model enabled",FCFE proxy (operating cash flow less capex); no net-debt subtraction,generic,175355000.0,
CDNS,"Cadence Design Systems, Inc.",Technology,349.7799987792969,37.03979305455703,-8.443357263473242,-844.3%,Overvalued,29.631834443645626,10.804196579341552,WAIT,6,14.80,10.8%,17.6%,1.3%,3.703979305455703,41.15532561617448,37.03979305455703,57.04793713581477,14.4x,0.39,4,2026-06-30,Yahoo Finance via yfinance,SEC-CIK:813672,CDNS,https://finance.yahoo.com/quote/CDNS,,"generic: PE cap 10.0x, discount floor 10.0%, growth cap 2.5%, normalization mean, DCF enabled, sector model enabled",FCFE proxy (operating cash flow less capex); no net-debt subtraction,generic,1136260750.0,
HWM,Howmet Aerospace Inc.,Industrials,231.75,23.708367917472195,-8.775029677568348,-877.5%,Overvalued,18.966694333977756,11.218787096960435,WAIT,8,11.72,10.8%,20.0%,0.9%,2.3708367917472195,26.342631019413552,23.708367917472195,N/A,14.8x,0.81,4,2026-06-30,Yahoo Finance via yfinance,SEC-CIK:4281,HWM,https://finance.yahoo.com/quote/HWM,,"generic: PE cap 10.0x, discount floor 10.0%, growth cap 2.0%, normalization mean, DCF enabled, sector model enabled",FCFE proxy (operating cash flow less capex); no net-debt subtraction,generic,959250000.0,
FTNT,"Fortinet, Inc.",Technology,180.74000549316406,18.012148832687107,-9.034338888271375,-903.4%,Overvalued,14.409719066149686,11.542923610339217,WAIT,6,10.16,10.5%,N/A,1.4%,1.8012148832687107,20.013498702985675,18.012148832687107,31.68222866458489,135.7x,0.32,4,2026-06-30,Yahoo Finance via yfinance,SEC-CIK:1262039,FTNT,https://finance.yahoo.com/quote/FTNT,,"generic: PE cap 10.0x, discount floor 10.0%, growth cap 2.5%, normalization mean, DCF enabled, sector model enabled",FCFE proxy (operating cash flow less capex); no net-debt subtraction,generic,1186125000.0,
LRCX,Lam Research Corporation,Technology,347.6700134277344,32.897028105555606,-9.56843227030044,-956.8%,Overvalued,26.317622484444485,12.210540337875548,WAIT,8,28.32,14.5%,61.0%,1.1%,4.03379990385376,44.81999893170845,40.3379990385376,32.897028105555606,52.3x,0.30,4,2026-06-30,Yahoo Finance via yfinance,SEC-CIK:707549,LRCX,https://finance.yahoo.com/quote/LRCX,,"generic: PE cap 10.0x, discount floor 10.0%, growth cap 2.5%, normalization mean, DCF enabled, sector model enabled",FCFE proxy (operating cash flow less capex); no net-debt subtraction,generic,4686890000.0,
URI,"United Rentals, Inc.",Industrials,1076.2950439453125,98.15820067294815,-9.964901929400723,-996.5%,Overvalued,78.52656053835852,12.706127411750902,WAIT,5,3.66,12.2%,13.6%,0.7%,35.64878449974579,396.09760555273095,356.48784499745784,98.15820067294815,5.9x,1.67,4,2026-06-30,Yahoo Finance via yfinance,SEC-CIK:1067701,URI,https://finance.yahoo.com/quote/URI,,"generic: PE cap 10.0x, discount floor 10.0%, growth cap 2.0%, normalization mean, DCF enabled, sector model enabled",FCFE proxy (operating cash flow less capex); no net-debt subtraction,generic,4235250000.0,
FIX,"Comfort Systems USA, Inc.",Industrials,1735.8699951171875,148.27803002154388,-10.706859032757425,-1070.7%,Overvalued,118.62242401723512,13.633573790946778,WAIT,7,12.24,13.6%,86.3%,1.1%,14.82780300215439,164.75336669060434,148.27803002154388,N/A,250.6x,0.10,4,2026-06-30,Yahoo Finance via yfinance,SEC-CIK:1035983,FIX,https://finance.yahoo.com/quote/FIX,,"generic: PE cap 10.0x, discount floor 10.0%, growth cap 2.0%, normalization mean, DCF enabled, sector model enabled",FCFE proxy (operating cash flow less capex); no net-debt subtraction,generic,385546500.0,
AVGO,Broadcom Inc.,Technology,355.6600036621094,30.179007193984365,-10.78501338284593,-1078.5%,Overvalued,24.143205755187495,13.731266728557411,WAIT,8,12.72,12.3%,25.3%,1.2%,3.0179007193984364,33.532230215538185,30.179007193984365,44.06882957664269,13.9x,0.60,4,2026-07-31,Yahoo Finance via yfinance,SEC-CIK:1730168,AVGO,https://finance.yahoo.com/quote/AVGO,,"generic: PE cap 10.0x, discount floor 10.0%, growth cap 2.5%, normalization mean, DCF enabled, sector model enabled",FCFE proxy (operating cash flow less capex); no net-debt subtraction,generic,16131500000.0,
PWR,"Quanta Services, Inc.",Industrials,677.6300048828125,53.91956917516752,-11.567422463658941,-1156.7%,Overvalued,43.135655340134015,14.709278079573677,WAIT,5,5.69,10.8%,10.1%,1.1%,5.391956917516752,59.9106324168528,53.91956917516752,N/A,6.8x,0.69,4,2026-06-30,Yahoo Finance via yfinance,SEC-CIK:1050915,PWR,https://finance.yahoo.com/quote/PWR,,"generic: PE cap 10.0x, discount floor 10.0%, growth cap 2.0%, normalization mean, DCF enabled, sector model enabled",FCFE proxy (operating cash flow less capex); no net-debt subtraction,generic,1299118250.0,
VRT,Vertiv Holdings Co,Industrials,252.8699951171875,19.62209904077616,-11.887000243536898,-1188.7%,Overvalued,15.697679232620928,15.108750304421122,WAIT,5,8.86,15.2%,35.3%,0.9%,1.962209904077616,21.802332267529067,19.62209904077616,N/A,25.9x,0.70,4,2026-06-30,Yahoo Finance via yfinance,SEC-CIK:1674101,VRT,https://finance.yahoo.com/quote/VRT,2022-12-31: unusual items are 113% of continuing net income,"generic: PE cap 10.0x, discount floor 10.0%, growth cap 2.0%, normalization mean, DCF enabled, sector model enabled",FCFE proxy (operating cash flow less capex); no net-debt subtraction,generic,642225000.0,
TSLA,"Tesla, Inc.",Consumer Cyclical,372.8699951171875,28.09763788941418,-12.27051037474103,-1227.1%,Overvalued,22.478110311531346,15.588137968426285,WAIT,5,17.60,14.4%,6.3%,0.4%,2.809763788941418,31.219597654904646,28.09763788941418,N/A,14.3x,0.19,4,2026-06-30,Yahoo Finance via yfinance,SEC-CIK:1318605,TSLA,https://finance.yahoo.com/quote/TSLA,,"generic: PE cap 10.0x, discount floor 10.0%, growth cap 2.0%, normalization mean, DCF enabled, sector model enabled",FCFE proxy (operating cash flow less capex); no net-debt subtraction,generic,11434250000.0,
STX,Seagate Technology Holdings plc,Technology,847.6810913085938,60.393831562584104,-13.035888589551902,-1303.6%,Overvalued,48.315065250067285,16.544860736939878,WAIT,8,16.87,15.5%,77.3%,0.7%,6.039383156258411,67.10425729176012,60.393831562584104,N/A,14.9x,1.78,4,2026-06-30,Yahoo Finance via yfinance,SEC-CIK:1137789,STX,https://finance.yahoo.com/quote/STX,2024-06-30: unusual items are 125% of continuing net income,"generic: PE cap 10.0x, discount floor 10.0%, growth cap 2.5%, normalization mean, DCF enabled, sector model enabled",FCFE proxy (operating cash flow less capex); no net-debt subtraction,generic,445250000.0,
HOOD,"Robinhood Markets, Inc.",Financial Services,112.92500305175781,4.115857350486267,-26.436568723261587,-2643.7%,Overvalued,3.2926858803890138,33.29571090407698,WAIT,N/A,N/A,14.6%,11.2%,0.4%,0.45731748338736294,5.0813053709707,4.115857350486267,N/A,N/A,2.40,4,2026-06-30,Yahoo Finance via yfinance,SEC-CIK:1783879,HOOD,https://finance.yahoo.com/quote/HOOD,,"financial_other: PE cap 9.0x, discount floor 11.0%, growth cap 0.0%, normalization mean, DCF disabled, sector model enabled",FCFE proxy (operating cash flow less capex); no net-debt subtraction,financial_other,-594250000.0,"Verify sector-specific balance-sheet, regulatory, and transaction-volume risks in the latest filings"
CIEN,Ciena Corporation,Technology,394.25,10.337234350885645,-37.13882771906226,-3713.9%,Overvalued,8.269787480708516,46.67353464882783,WAIT,7,11.70,11.3%,18.1%,0.4%,1.0337234350885645,11.485815945428495,10.337234350885645,N/A,12.0x,1.07,4,2026-07-31,Yahoo Finance via yfinance,SEC-CIK:936395,CIEN,https://finance.yahoo.com/quote/CIEN,,"generic: PE cap 10.0x, discount floor 10.0%, growth cap 2.5%, normalization mean, DCF enabled, sector model enabled",FCFE proxy (operating cash flow less capex); no net-debt subtraction,generic,252113500.0,
MRVL,"Marvell Technology, Inc.",Technology,273.6600036621094,1.9296537092577013,-140.81819377704863,-14081.8%,Overvalued,1.5437229674061612,176.2727422213108,WAIT,7,19.36,16.3%,6.3%,0.5%,0.19296537092577012,2.1440596769530016,1.9296537092577013,10.047126265316061,3.6x,0.29,4,2026-07-31,Yahoo Finance via yfinance,SEC-CIK:1835632,MRVL,https://finance.yahoo.com/quote/MRVL,,"generic: PE cap 10.0x, discount floor 10.0%, growth cap 2.5%, normalization mean, DCF enabled, sector model enabled",FCFE proxy (operating cash flow less capex); no net-debt subtraction,generic,470000000.0,
